system,user_story_id,pattern_id,classification,requirement_refs,rationale
SYS01,SYS01-US01,001,applicable,SYS01-US01-AC01;SYS01-US01-AC02,"The criteria require answers to follow official documents and require the system to withhold guidance when no document supports it. This establishes a safeguard against unsupported responses, consistent with the pattern’s intent."
SYS01,SYS01-US01,016,applicable,SYS01-US01-AC02,"O critério exige que o sistema se abstenha de orientar o atendente quando não houver documento que sustente a resposta, em vez de fornecer uma orientação sem respaldo. Isso corresponde à rejeição de uma resposta quando falta base suficiente para oferecê-la."
SYS01,SYS01-US01,060,applicable,SYS01-US01-AC01;SYS01-US01-AC02,"Os critérios condicionam a resposta aos documentos oficiais e exigem que o sistema deixe de fornecer orientação quando nenhum documento a sustenta. Isso evidencia a necessidade de controlar respostas para evitar orientações sem fundamento, alinhada ao propósito do padrão."
SYS01,SYS01-US02,003,applicable,SYS01-US02-AC01,"O registro de chamados por integração exige que o sistema solicite a outro sistema um serviço, evidenciando a relação entre consumidor e provedor de serviços abordada pelo padrão Client-Server."
SYS01,SYS01-US03,001,applicable,SYS01-US03-AC01;SYS01-US03-AC02,"The response must be limited to the company catalog and identify the document, version, and section supporting a retrieved passage. These constraints establish a need to safeguard responses against unsupported information, which aligns with the pattern’s intent."
SYS01,SYS01-US03,013,applicable,SYS01-US03;SYS01-US03-AC01,"A exigência de mostrar as fontes e identificar documento, versão e seção do trecho recuperado expressa uma necessidade de transparência sobre a origem das respostas, relacionada à interpretabilidade e explicabilidade abordadas pelo padrão."
SYS01,SYS01-US03,060,applicable,SYS01-US03-AC02,"O critério limita as respostas ao conteúdo do catálogo da empresa, estabelecendo uma regra para controlar o que pode ser informado. Isso corresponde à finalidade do padrão de restringir respostas com base em regras."
SYS02,SYS02-US01,002,applicable,SYS02-US01-AC02;SYS02-US01-AC03;SYS02-US01-AC05,"Os critérios exigem operações distintas sobre os dados do documento: escolher o layout apropriado, substituir variáveis pelo conteúdo gerado e combinar os textos em um resultado legível. Essas transformações sucessivas correspondem à necessidade de processamento em etapas abordada por Pipes and Filters."
SYS02,SYS02-US01,004,applicable,SYS02-US01-AC01;SYS02-US01-AC02;SYS02-US01-AC03,"The criteria distinguish generated content from its layout and require the layout to vary by document type. This provides evidence of a need to keep data separate from its representation, which is the concern addressed by MVC."
SYS02,SYS02-US01,014,applicable,SYS02-US01-AC01;SYS02-US01-AC02;SYS02-US01-AC03;SYS02-US01-AC05,"Os critérios distinguem o conteúdo gerado pelo modelo de IA das regras para selecionar o layout cadastrado, substituir variáveis e compor o documento. Essa distinção entre responsabilidades de ML e lógica de negócio corresponde à preocupação central do padrão."
SYS02,SYS02-US01,045,applicable,SYS02-US01-AC01;SYS02-US01-AC02;SYS02-US01-AC03;SYS02-US01-AC05,Os critérios distinguem o conteúdo gerado para as variáveis do layout que representa o documento e exigem combiná-los conforme o tipo de documento. Essa distinção entre a composição do documento e sua representação corresponde à necessidade tratada pelo Builder.
SYS02,SYS02-US01,050,applicable,SYS02-US01-AC02;SYS02-US01-AC05,"A substituição das variáveis e a composição do documento dependem do conteúdo gerado pelo modelo de IA. Assim, essa etapa do fluxo não pode prosseguir até que a geração termine, o que corresponde à necessidade tratada pelo padrão."
SYS02,SYS02-US02,001,applicable,SYS02-US02-AC01,"AC01 requires text revisions to preserve the artifact’s context and purpose. This is an explicit concern about incorrect output, which aligns with the pattern’s intent to safeguard against harmful results from an automated component."
SYS02,SYS02-US02,002,applicable,SYS02-US02;SYS02-US02-AC03,"A história exige corrigir e adequar textos, enquanto o critério prevê reformular, resumir ou expandir conteúdo. Essa variedade de tarefas de processamento textual corresponde à necessidade abordada pelo padrão."
SYS02,SYS02-US02,060,applicable,SYS02-US02-AC01;SYS02-US02-AC03,"The user must be able to select how the text is transformed—reformulated, summarized, or expanded—while the resulting text must preserve the artifact’s context and purpose. These are explicit needs to control output behavior and constrain unacceptable results, which align with the pattern’s intent."
SYS02,SYS02-US02,064,applicable,SYS02-US02;SYS02-US02-AC03,"A história solicita o aprimoramento automático de textos, e o critério AC03 permite ao usuário solicitar reformulações, resumos ou expansões conforme o contexto. Isso evidencia uma necessidade de enriquecimento de conteúdo sob demanda, alinhada à intenção do padrão."
SYS02,SYS02-US02,070,applicable,SYS02-US02-AC03,"O critério prevê objetivos distintos para o texto — reformular, resumir ou expandir — conforme a operação solicitada pelo usuário. Essa variação do resultado esperado por condição corresponde à necessidade tratada pelo padrão."
SYS02,SYS02-US03,002,applicable,SYS02-US03-AC01;SYS02-US03-AC02;SYS02-US03-AC03,"Os critérios exigem tarefas distintas sobre o documento: compilar suas partes, corrigir a gramática e informar as palavras corrigidas. Esse processamento em etapas, com resultados relacionados, corresponde à necessidade tratada por Pipes and Filters."
SYS02,SYS02-US03,045,applicable,SYS02-US03-AC01,"A exigência de compilar todas as partes em um documento completo evidencia uma construção por partes, necessidade abordada pelo Builder."
SYS03,SYS03-US01,001,applicable,SYS03-US01-AC02,"The AI system must determine whether the document photo belongs to the customer who submitted the selfie. An incorrect AI judgment could undermine this identity check, making prediction reliability a security concern addressed by the pattern."
SYS03,SYS03-US02,001,applicable,SYS03-US02;SYS03-US02-AC01;SYS03-US02-AC03,"A confirmação pelo sistema IA de que o documento pertence ao cliente determina a mudança de status e a continuidade do atendimento. Como essa decisão automatizada envolve a titularidade do documento e libera etapas posteriores, ela apresenta o risco de validação incorreta que o padrão busca mitigar."
SYS03,SYS03-US02,003,applicable,SYS03-US02-AC01;SYS03-US02-AC02;SYS03-US02-AC03,"O sistema IA precisa se comunicar com o sistema Comercial para alterar o status do atendimento; a partir dessa alteração, o sistema Comercial comunica o cliente e dá continuidade à programação. Isso evidencia a interação entre um sistema que solicita uma operação e outro que a realiza e mantém o atendimento."
SYS03,SYS03-US02,014,applicable,SYS03-US02;SYS03-US02-AC01;SYS03-US02-AC02;SYS03-US02-AC03,"A confirmação do documento pelo sistema IA desencadeia atividades de negócio distintas: a alteração do status no sistema Comercial, a comunicação ao cliente e a programação do atendimento. Essa divisão de responsabilidades entre a validação por IA e o fluxo comercial corresponde à necessidade de distinguir componentes de IA da lógica de negócio."
SYS03,SYS03-US02,044,applicable,SYS03-US02-AC01;SYS03-US02-AC02;SYS03-US02-AC03,A alteração do status do atendimento para PENDENTE DE EXECUÇÃO determina as ações seguintes do sistema Comercial: comunicar o cliente e prosseguir com a programação. Isso evidencia comportamento associado à mudança de estado.
SYS03,SYS03-US02,050,applicable,SYS03-US02;SYS03-US02-AC01;SYS03-US02-AC02;SYS03-US02-AC03,"A história condiciona a alteração do status à confirmação, pelo sistema IA, de que o documento pertence ao cliente. Os critérios vinculam a comunicação ao cliente e a programação do atendimento à mudança de status. Assim, o resultado da validação é necessário antes que o fluxo avance."
SYS03,SYS03-US03,003,applicable,SYS03-US03-AC01;SYS03-US03-AC02,"O sistema IA precisa registrar a baixa e seu motivo no sistema Comercial, que mantém o serviço e é responsável por notificar o cliente. Isso evidencia uma aplicação utilizando uma função de outra aplicação, relação atendida pelo padrão Client-Server."
SYS03,SYS03-US03,050,applicable,SYS03-US03;SYS03-US03-AC01,"A baixa do serviço como improcedente depende de a IA confirmar que o documento não pertence ao cliente. Essa confirmação é uma condição para prosseguir com a atualização do serviço, alinhando-se à necessidade de aguardar o resultado da avaliação antes da próxima etapa."
SYS04,SYS04-US02,003,applicable,SYS04-US02;SYS04-US02-AC01;SYS04-US02-AC03,"A história exige que o simulador forneça variáveis e receba comandos para integração com CLP, supervisório e aplicações externas. Os critérios confirmam a disponibilização de dados e o recebimento de comandos, caracterizando uma interface de serviços acessada por outras aplicações, necessidade atendida pelo padrão Client-Server."
SYS04,SYS04-US02,028,applicable,SYS04-US02;SYS04-US02-AC03;SYS04-US02-AC04,"A história exige testar a integração do simulador com CLP, supervisório e aplicações externas. Verificar comandos e seus efeitos na simulação, além da perda e do restabelecimento da comunicação, envolve o comportamento integrado que testes end-to-end avaliam."
SYS04,SYS04-US03,001,applicable,SYS04-US03;SYS04-US03-AC02,"A história exige avaliar recomendações dos modelos antes de sua aplicação na ETA real, e o critério limita sua aplicação ao ambiente simulado. Essa restrição evidencia a necessidade de proteger a operação real dos efeitos diretos das saídas dos modelos."
SYS04,SYS04-US03,003,applicable,SYS04-US03;SYS04-US03-AC01;SYS04-US03-AC04,"A história prevê conectar modelos ao gêmeo digital, e os critérios exigem fornecer-lhes variáveis e permitir comparar diferentes modelos no mesmo cenário. Isso evidencia múltiplos consumidores de dados de uma mesma aplicação, necessidade abordada pelo padrão Client-Server."
SYS04,SYS04-US03,014,applicable,SYS04-US03;SYS04-US03-AC04,A necessidade de conectar modelos de IA ao gêmeo digital e comparar diferentes modelos no mesmo cenário evidencia a distinção entre os modelos e as funções de simulação e avaliação do sistema. Essa separação corresponde ao propósito do padrão.
SYS04,SYS04-US03,015,applicable,SYS04-US03;SYS04-US03-AC02,"A necessidade de avaliar recomendações de modelos antes de aplicá-las à ETA real, junto à exigência de que seus comandos atuem somente no ambiente simulado, evidencia uma proteção que não depende da segurança dos próprios modelos. Isso corresponde à intenção do padrão de limitar externamente os efeitos desses modelos."
SYS04,SYS04-US03,028,applicable,SYS04-US03;SYS04-US03-AC01;SYS04-US03-AC02;SYS04-US03-AC03,"A história exige avaliar recomendações de modelos antes de sua aplicação à ETA real. O uso das variáveis previstas para o ambiente real, a aplicação das recomendações apenas na simulação e o registro dos resultados sustentam a verificação do comportamento dos modelos no fluxo completo, preocupação central de End-To-End Tests."
SYS04,SYS04-US03,036,applicable,SYS04-US03-AC03;SYS04-US03-AC04,"Comparar modelos no mesmo cenário e registrar as entradas, saídas e resultados de cada execução evidencia a necessidade de testes repetíveis de modelos, alinhada ao propósito do Replay."
SYS04,SYS04-US03,043,applicable,SYS04-US03;SYS04-US03-AC04,"A necessidade de conectar e comparar diferentes modelos no mesmo cenário simulado evidencia a troca flexível de modelos em um contexto comum, que é o problema tratado pelo Strategy Pattern."
