user_story_id,system,top15_ids,top15_names,top5_ids,top5_names
SYS01-US01,System_01,038;034;007;017;016;035;052;025;022;070;002;029;063;024;051,"Giveaway;Internal Feedback;Ethics credentials;Full Acceptance of Safety Responsibility;Partial Rejection of Safety Responsibility;Handshake or ""Hand Buzzer;Microservice vertical pattern;Mediator Pattern;Batch Serving;Condition-based-serving pattern;Pipes and Filters;Alarms And Notifications On Processes;Closed Loop intelligence;Proxy Pattern;Asynchronous pattern",002;017;063;016;029,Pipes and Filters;Full Acceptance of Safety Responsibility;Closed Loop intelligence;Partial Rejection of Safety Responsibility;Alarms And Notifications On Processes
SYS01-US02,System_01,003;025;038;035;024;052;053;007;034;017;013;022;051;026;002,"Client-Server;Mediator Pattern;Giveaway;Handshake or ""Hand Buzzer;Proxy Pattern;Microservice vertical pattern;Microservice horizontal pattern;Ethics credentials;Internal Feedback;Full Acceptance of Safety Responsibility;Fluid Architecture;Batch Serving;Asynchronous pattern;Continuous Integration and Deployment;Pipes and Filters",003;002;017;024;026,Client-Server;Pipes and Filters;Full Acceptance of Safety Responsibility;Proxy Pattern;Continuous Integration and Deployment
SYS01-US03,System_01,002;034;038;036;003;007;024;064;031;033;069;005;035;013;016,"Pipes and Filters;Internal Feedback;Giveaway;Replay;Client-Server;Ethics credentials;Proxy Pattern;Daisy Architecture;Legacy;Chop Shop;Data flows up, Model flows down;Multi-Layer Pattern;Handshake or ""Hand Buzzer;Fluid Architecture;Partial Rejection of Safety Responsibility",031;003;002;036;024,Legacy;Client-Server;Pipes and Filters;Replay;Proxy Pattern
SYS02-US01,System_02,058;064;002;014;027;026;017;059;007;020;025;070;031;030;045,"Serving template pattern;Daisy Architecture;Pipes and Filters;Distinguish Business Logic from
ML Model;Infrastructure as Code;Continuous Integration and Deployment;Full Acceptance of Safety Responsibility;Model-in-image pattern;Ethics credentials;Stateless Serving Function;Mediator Pattern;Condition-based-serving pattern;Legacy;Functional-Style Architecture;Builder Pattern",002;031;020;017;064,Pipes and Filters;Legacy;Stateless Serving Function;Full Acceptance of Safety Responsibility;Daisy Architecture
SYS02-US02,System_02,002;064;058;007;031;017;014;033;013;001;027;026;025;065;016,"Pipes and Filters;Daisy Architecture;Serving template pattern;Ethics credentials;Legacy;Full Acceptance of Safety Responsibility;Distinguish Business Logic from
ML Model;Chop Shop;Fluid Architecture;Encapsulating ML Models within Rule-based Safeguards;Infrastructure as Code;Continuous Integration and Deployment;Mediator Pattern;Kappa Architecture Pattern;Partial Rejection of Safety Responsibility",002;031;033;026;017,Pipes and Filters;Legacy;Chop Shop;Continuous Integration and Deployment;Full Acceptance of Safety Responsibility
SYS02-US03,System_02,067;007;017;026;034;016;002;021;029;031;058;036;038;033;064,Discard PoC code;Ethics credentials;Full Acceptance of Safety Responsibility;Continuous Integration and Deployment;Internal Feedback;Partial Rejection of Safety Responsibility;Pipes and Filters;Continued Model Evaluation;Alarms And Notifications On Processes;Legacy;Serving template pattern;Replay;Giveaway;Chop Shop;Daisy Architecture,002;036;017;016;033,Pipes and Filters;Replay;Full Acceptance of Safety Responsibility;Partial Rejection of Safety Responsibility;Chop Shop
SYS03-US01,System_03,007;025;034;002;059;014;029;030;017;063;038;016;010;022;069,"Ethics credentials;Mediator Pattern;Internal Feedback;Pipes and Filters;Model-in-image pattern;Distinguish Business Logic from
ML Model;Alarms And Notifications On Processes;Functional-Style Architecture;Full Acceptance of Safety Responsibility;Closed Loop intelligence;Giveaway;Partial Rejection of Safety Responsibility;Audit Black Box;Batch Serving;Data flows up, Model flows down",010;063;002;025;034,Audit Black Box;Closed Loop intelligence;Pipes and Filters;Mediator Pattern;Internal Feedback
SYS03-US02,System_03,029;025;014;007;035;017;070;030;050;022;052;002;016;034;063,"Alarms And Notifications On Processes;Mediator Pattern;Distinguish Business Logic from
ML Model;Ethics credentials;Handshake or ""Hand Buzzer;Full Acceptance of Safety Responsibility;Condition-based-serving pattern;Functional-Style Architecture;Synchronous pattern;Batch Serving;Microservice vertical pattern;Pipes and Filters;Partial Rejection of Safety Responsibility;Internal Feedback;Closed Loop intelligence",002;016;030;017;063,Pipes and Filters;Partial Rejection of Safety Responsibility;Functional-Style Architecture;Full Acceptance of Safety Responsibility;Closed Loop intelligence
SYS03-US03,System_03,063;007;029;025;056;016;014;010;017;028;038;009;002;008;051,"Closed Loop intelligence;Ethics credentials;Alarms And Notifications On Processes;Mediator Pattern;Circuit break pattern;Partial Rejection of Safety Responsibility;Distinguish Business Logic from
ML Model;Audit Black Box;Full Acceptance of Safety Responsibility;End-To-End Tests;Giveaway;Decision Mode Switcher;Pipes and Filters;AI Mode Switcher;Asynchronous pattern",002;038;025;016;010,Pipes and Filters;Giveaway;Mediator Pattern;Partial Rejection of Safety Responsibility;Audit Black Box
SYS04-US01,System_04,002;030;026;034;048;040;049;039;069;021;053;052;041;070;042,"Pipes and Filters;Functional-Style Architecture;Continuous Integration and Deployment;Internal Feedback;Offline Predictions;Model Embedded in Application;Web single pattern;Two-Phase Predictions;Data flows up, Model flows down;Continued Model Evaluation;Microservice horizontal pattern;Microservice vertical pattern;Dedicated Model API;Condition-based-serving pattern;Model Published as Data",002;039;069;041;042,"Pipes and Filters;Two-Phase Predictions;Data flows up, Model flows down;Dedicated Model API;Model Published as Data"
SYS04-US02,System_04,002;026;027;017;030;034;048;041;016;020;040;068;035;025;015,"Pipes and Filters;Continuous Integration and Deployment;Infrastructure as Code;Full Acceptance of Safety Responsibility;Functional-Style Architecture;Internal Feedback;Offline Predictions;Dedicated Model API;Partial Rejection of Safety Responsibility;Stateless Serving Function;Model Embedded in Application;Parameter-Server Abstraction;Handshake or ""Hand Buzzer;Mediator Pattern;Delegation of Safety Responsibility",016;017;015;002;026,Partial Rejection of Safety Responsibility;Full Acceptance of Safety Responsibility;Delegation of Safety Responsibility;Pipes and Filters;Continuous Integration and Deployment
SYS04-US03,System_04,002;053;041;014;034;030;048;039;018;017;026;040;049;021;001,"Pipes and Filters;Microservice horizontal pattern;Dedicated Model API;Distinguish Business Logic from
ML Model;Internal Feedback;Functional-Style Architecture;Offline Predictions;Two-Phase Predictions;Lambda Architecture Pattern;Full Acceptance of Safety Responsibility;Continuous Integration and Deployment;Model Embedded in Application;Web single pattern;Continued Model Evaluation;Encapsulating ML Models within Rule-based Safeguards",017;049;002;053;048,Full Acceptance of Safety Responsibility;Web single pattern;Pipes and Filters;Microservice horizontal pattern;Offline Predictions
