system,system_purpose,user_story_id,user_story,acceptance_criterion_id,acceptance_criterion
System_01,Suporte multiárea de acordo com normativos e procedimentos da empresa,SYS01-US01,Eu como atendente de loja quero tirar dúvidas sobre o procedimento adequado para abordar a solicitação do cliente;,SYS01-US01-AC01,O sistema deverá responder ao atendente de acordo com os documentos oficiais da empresa;
System_01,Suporte multiárea de acordo com normativos e procedimentos da empresa,SYS01-US01,Eu como atendente de loja quero tirar dúvidas sobre o procedimento adequado para abordar a solicitação do cliente;,SYS01-US01-AC02,"O sistema deverá informar o atendente que não pode ajudar, caso nenhum documento contenha a orientação para o procedimento."
System_01,Suporte multiárea de acordo com normativos e procedimentos da empresa,SYS01-US02,"Eu como atendente de TI quero prestar o suporte de primeiro nível para os usuários da empresa, tais como bloqueios de sites ou instalação de softwares",SYS01-US02-AC01,O sistema deverá registrar um chamado para documentação da solicitação por meio de integração com o sistema de chamados;
System_01,Suporte multiárea de acordo com normativos e procedimentos da empresa,SYS01-US02,"Eu como atendente de TI quero prestar o suporte de primeiro nível para os usuários da empresa, tais como bloqueios de sites ou instalação de softwares",SYS01-US02-AC02,O sistema deverá responder os procedimentos e dúvidas informados pelo usuário no âmbito do portfólio dos serviços de TI;
System_01,Suporte multiárea de acordo com normativos e procedimentos da empresa,SYS01-US03,Eu como usuário desejo que o sistema mostre todas as fontes usadas nas respostas solicitadas,SYS01-US03-AC01,"O sistema deverá informar o documento, versão e seção do trecho recuperado"
System_01,Suporte multiárea de acordo com normativos e procedimentos da empresa,SYS01-US03,Eu como usuário desejo que o sistema mostre todas as fontes usadas nas respostas solicitadas,SYS01-US03-AC02,O sistema deverá informar apenas o que está no catálogo da empresa
System_02,Assistente para geração de documentos licitatórios,SYS02-US01,Eu como usuário desejo que o sistema gere um documento inicial de acordo com o registro cadastrado no sistema de licitações,SYS02-US01-AC01,O sistema deverá seguir o layout previamente cadastrado pelo administrador do sistema
System_02,Assistente para geração de documentos licitatórios,SYS02-US01,Eu como usuário desejo que o sistema gere um documento inicial de acordo com o registro cadastrado no sistema de licitações,SYS02-US01-AC02,O sistema deverá substituir as variáveis com o conteúdo gerado pelo modelo de IA
System_02,Assistente para geração de documentos licitatórios,SYS02-US01,Eu como usuário desejo que o sistema gere um documento inicial de acordo com o registro cadastrado no sistema de licitações,SYS02-US01-AC03,O sistema deverá utilizar o layout apropriado para o tipo de documento
System_02,Assistente para geração de documentos licitatórios,SYS02-US01,Eu como usuário desejo que o sistema gere um documento inicial de acordo com o registro cadastrado no sistema de licitações,SYS02-US01-AC04,O sistema deverá utilizar o padrão de linguagem na norma técnico-jurídica
System_02,Assistente para geração de documentos licitatórios,SYS02-US01,Eu como usuário desejo que o sistema gere um documento inicial de acordo com o registro cadastrado no sistema de licitações,SYS02-US01-AC05,O sistema deverá concatenar o texto do layout com os textos das variáveis mantendo um padrão legível e harmônico
System_02,Assistente para geração de documentos licitatórios,SYS02-US02,"Eu como usuário desejo que o sistema melhore os textos informados, corrigindo eventuais erros e ajustando-o à norma técnico-jurídica",SYS02-US02-AC01,O sistema deverá alterar os textos sem alterar o contexto ou o propósito do artefato produzido
System_02,Assistente para geração de documentos licitatórios,SYS02-US02,"Eu como usuário desejo que o sistema melhore os textos informados, corrigindo eventuais erros e ajustando-o à norma técnico-jurídica",SYS02-US02-AC02,O sistema deverá aceitar diversos tipos de documentos previamente padronizados
System_02,Assistente para geração de documentos licitatórios,SYS02-US02,"Eu como usuário desejo que o sistema melhore os textos informados, corrigindo eventuais erros e ajustando-o à norma técnico-jurídica",SYS02-US02-AC03,"O sistema deverá permitir que o usuário reformule, resuma ou expanda o conteúdo com contexto;"
System_02,Assistente para geração de documentos licitatórios,SYS02-US03,Eu como usuário desejo salvar o documento completo,SYS02-US03-AC01,O sistema deverá compilar todas as partes do documento
System_02,Assistente para geração de documentos licitatórios,SYS02-US03,Eu como usuário desejo salvar o documento completo,SYS02-US03-AC02,O sistema deverá corrigir eventuais erros gramaticais na versão salva
System_02,Assistente para geração de documentos licitatórios,SYS02-US03,Eu como usuário desejo salvar o documento completo,SYS02-US03-AC03,O sistema deverá informar quais palavras foram corrigidas
System_03,Processamento e validação de arquivos enviados para o sistema Comercial da Empresa por meio dos aplicativos integrados para solicitação de serviços,SYS03-US01,"Como sistema IA, quero receber os arquivos do cliente, para que eu possa analisar os documentos enviados e verificar se a documentação pertence ao cliente solicitante.",SYS03-US01-AC01,O sistema IA deve receber todas as imagens enviadas pelo cliente.
System_03,Processamento e validação de arquivos enviados para o sistema Comercial da Empresa por meio dos aplicativos integrados para solicitação de serviços,SYS03-US01,"Como sistema IA, quero receber os arquivos do cliente, para que eu possa analisar os documentos enviados e verificar se a documentação pertence ao cliente solicitante.",SYS03-US01-AC02,O sistema IA deve verificar se a foto do documento pertence ao cliente que enviou a foto selfie.
System_03,Processamento e validação de arquivos enviados para o sistema Comercial da Empresa por meio dos aplicativos integrados para solicitação de serviços,SYS03-US02,"Como sistema IA, quero alterar o status do atendimento quando confirmar que o documento pertence ao cliente, para que o cliente possa receber a confirmação da validação e a Empresa seguir com o atendimento ao cliente.",SYS03-US02-AC01,O sistema IA deve se comunicar com o sistema Comercial da empresa e alterar o status do atendimento para PENDENTE DE EXECUÇÃO.
System_03,Processamento e validação de arquivos enviados para o sistema Comercial da Empresa por meio dos aplicativos integrados para solicitação de serviços,SYS03-US02,"Como sistema IA, quero alterar o status do atendimento quando confirmar que o documento pertence ao cliente, para que o cliente possa receber a confirmação da validação e a Empresa seguir com o atendimento ao cliente.",SYS03-US02-AC02,"Com a mudança de status, o sistema Comercial da empresa deve comunicar ao cliente."
System_03,Processamento e validação de arquivos enviados para o sistema Comercial da Empresa por meio dos aplicativos integrados para solicitação de serviços,SYS03-US02,"Como sistema IA, quero alterar o status do atendimento quando confirmar que o documento pertence ao cliente, para que o cliente possa receber a confirmação da validação e a Empresa seguir com o atendimento ao cliente.",SYS03-US02-AC03,"Com a mudança de status, o sistema Comercial da empresa deve seguir com a programação do atendimento."
System_03,Processamento e validação de arquivos enviados para o sistema Comercial da Empresa por meio dos aplicativos integrados para solicitação de serviços,SYS03-US03,"Como sistema IA, quero baixar o serviço como improcedente quando confirmar que o documento não pertence ao cliente, para que o cliente possa receber uma notificação da Empresa informando que não foi possível confirmar o cliente.",SYS03-US03-AC01,O sistema IA deve baixar o serviço no sistema Comercial da empresa como improcedente e preencher o motivo da improcedência para ser informado ao cliente.
System_03,Processamento e validação de arquivos enviados para o sistema Comercial da Empresa por meio dos aplicativos integrados para solicitação de serviços,SYS03-US03,"Como sistema IA, quero baixar o serviço como improcedente quando confirmar que o documento não pertence ao cliente, para que o cliente possa receber uma notificação da Empresa informando que não foi possível confirmar o cliente.",SYS03-US03-AC02,"Com a baixa do serviço, o sistema Comercial da empresa deve notificar o cliente."
System_04,"Reproduzir digitalmente a estrutura física, os sensores, os equipamentos e o ambiente de automação da ETA, permitindo executar testes, simular condições operacionais e avaliar estratégias de controle sem interferir na operação real.",SYS04-US01,"Como engenheiro de processo, quero simular a evolução das variáveis da ETA, para avaliar o comportamento do processo de tratamento ao longo do tempo.",SYS04-US01-AC01,O sistema deve calcular a evolução das variáveis com base nas condições de entrada e nos comandos aplicados.
System_04,"Reproduzir digitalmente a estrutura física, os sensores, os equipamentos e o ambiente de automação da ETA, permitindo executar testes, simular condições operacionais e avaliar estratégias de controle sem interferir na operação real.",SYS04-US01,"Como engenheiro de processo, quero simular a evolução das variáveis da ETA, para avaliar o comportamento do processo de tratamento ao longo do tempo.",SYS04-US01-AC02,A simulação deve representar os efeitos da dosagem de PAC e polímero sobre a qualidade da água.
System_04,"Reproduzir digitalmente a estrutura física, os sensores, os equipamentos e o ambiente de automação da ETA, permitindo executar testes, simular condições operacionais e avaliar estratégias de controle sem interferir na operação real.",SYS04-US01,"Como engenheiro de processo, quero simular a evolução das variáveis da ETA, para avaliar o comportamento do processo de tratamento ao longo do tempo.",SYS04-US01-AC03,Os resultados devem possuir carimbo de data e hora da simulação.
System_04,"Reproduzir digitalmente a estrutura física, os sensores, os equipamentos e o ambiente de automação da ETA, permitindo executar testes, simular condições operacionais e avaliar estratégias de controle sem interferir na operação real.",SYS04-US02,"Como desenvolvedor de automação, quero que o simulador disponibilize variáveis e receba comandos por meio dos protocolos definidos no projeto, para testar a integração com CLP, supervisório e aplicações externas.",SYS04-US02-AC01,O sistema deve disponibilizar as variáveis simuladas por OPC UA.
System_04,"Reproduzir digitalmente a estrutura física, os sensores, os equipamentos e o ambiente de automação da ETA, permitindo executar testes, simular condições operacionais e avaliar estratégias de controle sem interferir na operação real.",SYS04-US02,"Como desenvolvedor de automação, quero que o simulador disponibilize variáveis e receba comandos por meio dos protocolos definidos no projeto, para testar a integração com CLP, supervisório e aplicações externas.",SYS04-US02-AC02,As tags devem seguir a nomenclatura e os tipos de dados definidos para a ETA.
System_04,"Reproduzir digitalmente a estrutura física, os sensores, os equipamentos e o ambiente de automação da ETA, permitindo executar testes, simular condições operacionais e avaliar estratégias de controle sem interferir na operação real.",SYS04-US02,"Como desenvolvedor de automação, quero que o simulador disponibilize variáveis e receba comandos por meio dos protocolos definidos no projeto, para testar a integração com CLP, supervisório e aplicações externas.",SYS04-US02-AC03,O sistema deve receber comandos permitidos e refletir seus efeitos na simulação.
System_04,"Reproduzir digitalmente a estrutura física, os sensores, os equipamentos e o ambiente de automação da ETA, permitindo executar testes, simular condições operacionais e avaliar estratégias de controle sem interferir na operação real.",SYS04-US02,"Como desenvolvedor de automação, quero que o simulador disponibilize variáveis e receba comandos por meio dos protocolos definidos no projeto, para testar a integração com CLP, supervisório e aplicações externas.",SYS04-US02-AC04,A perda e o restabelecimento da comunicação devem poder ser testados.
System_04,"Reproduzir digitalmente a estrutura física, os sensores, os equipamentos e o ambiente de automação da ETA, permitindo executar testes, simular condições operacionais e avaliar estratégias de controle sem interferir na operação real.",SYS04-US03,"Como cientista de dados ou engenheiro de controle, quero conectar modelos de controle e inteligência artificial ao gêmeo digital, para avaliar suas recomendações antes da aplicação na ETA real.",SYS04-US03-AC01,O sistema deve fornecer aos modelos as mesmas variáveis previstas para o ambiente real.
System_04,"Reproduzir digitalmente a estrutura física, os sensores, os equipamentos e o ambiente de automação da ETA, permitindo executar testes, simular condições operacionais e avaliar estratégias de controle sem interferir na operação real.",SYS04-US03,"Como cientista de dados ou engenheiro de controle, quero conectar modelos de controle e inteligência artificial ao gêmeo digital, para avaliar suas recomendações antes da aplicação na ETA real.",SYS04-US03-AC02,Os comandos ou recomendações dos modelos devem ser aplicados somente ao ambiente simulado.
System_04,"Reproduzir digitalmente a estrutura física, os sensores, os equipamentos e o ambiente de automação da ETA, permitindo executar testes, simular condições operacionais e avaliar estratégias de controle sem interferir na operação real.",SYS04-US03,"Como cientista de dados ou engenheiro de controle, quero conectar modelos de controle e inteligência artificial ao gêmeo digital, para avaliar suas recomendações antes da aplicação na ETA real.",SYS04-US03-AC03,"O sistema deve registrar entradas, saídas e resultados de cada execução."
System_04,"Reproduzir digitalmente a estrutura física, os sensores, os equipamentos e o ambiente de automação da ETA, permitindo executar testes, simular condições operacionais e avaliar estratégias de controle sem interferir na operação real.",SYS04-US03,"Como cientista de dados ou engenheiro de controle, quero conectar modelos de controle e inteligência artificial ao gêmeo digital, para avaliar suas recomendações antes da aplicação na ETA real.",SYS04-US03-AC04,Deve ser possível comparar diferentes modelos utilizando o mesmo cenário.
