system,system_purpose,user_story_id,user_story,acceptance_criterion_id,acceptance_criterion
System_01,Multi-area support in accordance with company policies and procedures,SYS01-US01,"As a store attendant, I want to clarify questions about the appropriate procedure for handling the customer request;",SYS01-US01-AC01,The system shall respond to the attendant in accordance with the company’s official documents;
System_01,Multi-area support in accordance with company policies and procedures,SYS01-US01,"As a store attendant, I want to clarify questions about the appropriate procedure for handling the customer request;",SYS01-US01-AC02,The system shall inform the attendant that it cannot provide assistance if no document contains guidance for the procedure.
System_01,Multi-area support in accordance with company policies and procedures,SYS01-US02,"As an IT support attendant, I want to provide first-level support to company users, such as website blocking or software installation",SYS01-US02-AC01,The system shall create a ticket to document the request through integration with the ticketing system;
System_01,Multi-area support in accordance with company policies and procedures,SYS01-US02,"As an IT support attendant, I want to provide first-level support to company users, such as website blocking or software installation",SYS01-US02-AC02,The system shall provide responses regarding the procedures and questions submitted by the user within the scope of the IT service portfolio;
System_01,Multi-area support in accordance with company policies and procedures,SYS01-US03,"As a user, I want the system to show all sources used in the requested responses",SYS01-US03-AC01,"The system shall identify the document, version, and section of the retrieved passage"
System_01,Multi-area support in accordance with company policies and procedures,SYS01-US03,"As a user, I want the system to show all sources used in the requested responses",SYS01-US03-AC02,The system shall provide only information contained in the company catalog
System_02,Assistant for generating procurement documents,SYS02-US01,"As a user, I want the system to generate an initial document based on the record registered in the procurement system",SYS02-US01-AC01,The system shall follow the layout previously configured by the system administrator
System_02,Assistant for generating procurement documents,SYS02-US01,"As a user, I want the system to generate an initial document based on the record registered in the procurement system",SYS02-US01-AC02,The system shall replace the variables with content generated by the AI model
System_02,Assistant for generating procurement documents,SYS02-US01,"As a user, I want the system to generate an initial document based on the record registered in the procurement system",SYS02-US01-AC03,The system shall use the appropriate layout for the document type
System_02,Assistant for generating procurement documents,SYS02-US01,"As a user, I want the system to generate an initial document based on the record registered in the procurement system",SYS02-US01-AC04,The system shall use the language standard prescribed by technical and legal conventions
System_02,Assistant for generating procurement documents,SYS02-US01,"As a user, I want the system to generate an initial document based on the record registered in the procurement system",SYS02-US01-AC05,The system shall concatenate the layout text with the variable content while maintaining a readable and coherent format
System_02,Assistant for generating procurement documents,SYS02-US02,"As a user, I want the system to improve the provided text by correcting any errors and adapting it to technical and legal language standards",SYS02-US02-AC01,The system shall modify the text without changing the context or purpose of the produced artifact
System_02,Assistant for generating procurement documents,SYS02-US02,"As a user, I want the system to improve the provided text by correcting any errors and adapting it to technical and legal language standards",SYS02-US02-AC02,The system shall support multiple types of previously standardized documents
System_02,Assistant for generating procurement documents,SYS02-US02,"As a user, I want the system to improve the provided text by correcting any errors and adapting it to technical and legal language standards",SYS02-US02-AC03,"The system shall allow the user to rephrase, summarize, or expand the content while preserving context;"
System_02,Assistant for generating procurement documents,SYS02-US03,"As a user, I want to save the complete document",SYS02-US03-AC01,The system shall compile all parts of the document
System_02,Assistant for generating procurement documents,SYS02-US03,"As a user, I want to save the complete document",SYS02-US03-AC02,The system shall correct any grammatical errors in the saved version
System_02,Assistant for generating procurement documents,SYS02-US03,"As a user, I want to save the complete document",SYS02-US03-AC03,The system shall indicate which words were corrected
System_03,Processing and validation of files submitted to the Company’s Commercial System through integrated applications for service requests,SYS03-US01,"As an AI system, I want to receive the customer’s files so that I can analyze the submitted documents and verify whether the documentation belongs to the requesting customer.",SYS03-US01-AC01,The AI system shall receive all images submitted by the customer.
System_03,Processing and validation of files submitted to the Company’s Commercial System through integrated applications for service requests,SYS03-US01,"As an AI system, I want to receive the customer’s files so that I can analyze the submitted documents and verify whether the documentation belongs to the requesting customer.",SYS03-US01-AC02,The AI system shall verify whether the document photo belongs to the customer who submitted the selfie.
System_03,Processing and validation of files submitted to the Company’s Commercial System through integrated applications for service requests,SYS03-US02,"As an AI system, I want to change the service request status when I confirm that the document belongs to the customer, so that the customer can receive validation confirmation and the Company can proceed with the customer service process.",SYS03-US02-AC01,The AI system shall communicate with the Company’s Commercial System and change the service request status to PENDING EXECUTION.
System_03,Processing and validation of files submitted to the Company’s Commercial System through integrated applications for service requests,SYS03-US02,"As an AI system, I want to change the service request status when I confirm that the document belongs to the customer, so that the customer can receive validation confirmation and the Company can proceed with the customer service process.",SYS03-US02-AC02,"Upon the status change, the Company’s Commercial System shall notify the customer."
System_03,Processing and validation of files submitted to the Company’s Commercial System through integrated applications for service requests,SYS03-US02,"As an AI system, I want to change the service request status when I confirm that the document belongs to the customer, so that the customer can receive validation confirmation and the Company can proceed with the customer service process.",SYS03-US02-AC03,"Upon the status change, the Company’s Commercial System shall proceed with scheduling the service."
System_03,Processing and validation of files submitted to the Company’s Commercial System through integrated applications for service requests,SYS03-US03,"As an AI system, I want to close the service request as invalid when I confirm that the document does not belong to the customer, so that the customer can receive a notification from the Company stating that the customer’s identity could not be confirmed.",SYS03-US03-AC01,The AI system shall close the service request in the Company’s Commercial System as invalid and record the reason for rejection so that it can be communicated to the customer.
System_03,Processing and validation of files submitted to the Company’s Commercial System through integrated applications for service requests,SYS03-US03,"As an AI system, I want to close the service request as invalid when I confirm that the document does not belong to the customer, so that the customer can receive a notification from the Company stating that the customer’s identity could not be confirmed.",SYS03-US03-AC02,"Once the service request is closed, the Company’s Commercial System shall notify the customer."
System_04,"Digitally reproduce the physical structure, sensors, equipment, and automation environment of the Water Treatment Plant (WTP), enabling tests, simulation of operating conditions, and evaluation of control strategies without interfering with real-world operations.",SYS04-US01,"As a process engineer, I want to simulate the evolution of WTP variables so that I can evaluate the behavior of the treatment process over time.",SYS04-US01-AC01,The system shall calculate the evolution of the variables based on input conditions and applied commands.
System_04,"Digitally reproduce the physical structure, sensors, equipment, and automation environment of the Water Treatment Plant (WTP), enabling tests, simulation of operating conditions, and evaluation of control strategies without interfering with real-world operations.",SYS04-US01,"As a process engineer, I want to simulate the evolution of WTP variables so that I can evaluate the behavior of the treatment process over time.",SYS04-US01-AC02,The simulation shall represent the effects of PAC and polymer dosing on water quality.
System_04,"Digitally reproduce the physical structure, sensors, equipment, and automation environment of the Water Treatment Plant (WTP), enabling tests, simulation of operating conditions, and evaluation of control strategies without interfering with real-world operations.",SYS04-US01,"As a process engineer, I want to simulate the evolution of WTP variables so that I can evaluate the behavior of the treatment process over time.",SYS04-US01-AC03,The results shall include the simulation date and time stamp.
System_04,"Digitally reproduce the physical structure, sensors, equipment, and automation environment of the Water Treatment Plant (WTP), enabling tests, simulation of operating conditions, and evaluation of control strategies without interfering with real-world operations.",SYS04-US02,"As an automation developer, I want the simulator to expose variables and receive commands through the protocols defined in the project so that I can test integration with the PLC, SCADA system, and external applications.",SYS04-US02-AC01,The system shall expose the simulated variables via OPC UA.
System_04,"Digitally reproduce the physical structure, sensors, equipment, and automation environment of the Water Treatment Plant (WTP), enabling tests, simulation of operating conditions, and evaluation of control strategies without interfering with real-world operations.",SYS04-US02,"As an automation developer, I want the simulator to expose variables and receive commands through the protocols defined in the project so that I can test integration with the PLC, SCADA system, and external applications.",SYS04-US02-AC02,The tags shall follow the naming conventions and data types defined for the WTP.
System_04,"Digitally reproduce the physical structure, sensors, equipment, and automation environment of the Water Treatment Plant (WTP), enabling tests, simulation of operating conditions, and evaluation of control strategies without interfering with real-world operations.",SYS04-US02,"As an automation developer, I want the simulator to expose variables and receive commands through the protocols defined in the project so that I can test integration with the PLC, SCADA system, and external applications.",SYS04-US02-AC03,The system shall receive permitted commands and reflect their effects in the simulation.
System_04,"Digitally reproduce the physical structure, sensors, equipment, and automation environment of the Water Treatment Plant (WTP), enabling tests, simulation of operating conditions, and evaluation of control strategies without interfering with real-world operations.",SYS04-US02,"As an automation developer, I want the simulator to expose variables and receive commands through the protocols defined in the project so that I can test integration with the PLC, SCADA system, and external applications.",SYS04-US02-AC04,It shall be possible to test communication loss and restoration.
System_04,"Digitally reproduce the physical structure, sensors, equipment, and automation environment of the Water Treatment Plant (WTP), enabling tests, simulation of operating conditions, and evaluation of control strategies without interfering with real-world operations.",SYS04-US03,"As a data scientist or control engineer, I want to connect control and artificial intelligence models to the digital twin so that I can evaluate their recommendations before applying them to the actual WTP.",SYS04-US03-AC01,The system shall provide the models with the same variables defined for the real environment.
System_04,"Digitally reproduce the physical structure, sensors, equipment, and automation environment of the Water Treatment Plant (WTP), enabling tests, simulation of operating conditions, and evaluation of control strategies without interfering with real-world operations.",SYS04-US03,"As a data scientist or control engineer, I want to connect control and artificial intelligence models to the digital twin so that I can evaluate their recommendations before applying them to the actual WTP.",SYS04-US03-AC02,The models’ commands or recommendations shall be applied only to the simulated environment.
System_04,"Digitally reproduce the physical structure, sensors, equipment, and automation environment of the Water Treatment Plant (WTP), enabling tests, simulation of operating conditions, and evaluation of control strategies without interfering with real-world operations.",SYS04-US03,"As a data scientist or control engineer, I want to connect control and artificial intelligence models to the digital twin so that I can evaluate their recommendations before applying them to the actual WTP.",SYS04-US03-AC03,"The system shall record the inputs, outputs, and results of each execution."
System_04,"Digitally reproduce the physical structure, sensors, equipment, and automation environment of the Water Treatment Plant (WTP), enabling tests, simulation of operating conditions, and evaluation of control strategies without interfering with real-world operations.",SYS04-US03,"As a data scientist or control engineer, I want to connect control and artificial intelligence models to the digital twin so that I can evaluate their recommendations before applying them to the actual WTP.",SYS04-US03-AC04,It shall be possible to compare different models using the same scenario.
