system_id,system_purpose,user_story_id,user_story,acceptance_criteria,pattern_id,pattern_name,pattern_motivation,pattern_solution,pattern_consequences,classification,evidence_refs,evidence_text,rationale,rag_top5
SYS01,Suporte multiárea de acordo com normativos e procedimentos da empresa,SYS01-US01,Eu como atendente de loja quero tirar dúvidas sobre o procedimento adequado para abordar a solicitação do cliente;,"[SYS01-US01-AC01] O sistema deverá responder ao atendente de acordo com os documentos oficiais da empresa; | [SYS01-US01-AC02] O sistema deverá informar o atendente que não pode ajudar, caso nenhum documento contenha a orientação para o procedimento.",001,Encapsulating ML Models within Rule-based Safeguards,"It is impossible to guarantee the correctness of ML model predictions, so they should not be directly used for safety- or security-related functions. Furthermore, ML models can be unstable and vulnerable to adversarial attacks, data noise, and drift.","Introduce a deterministic, rule-based mechanism that decides what to do with the prediction results, e.g., based on additional quality checks.","Reduced risk for negative impacts of incorrect predictions, but a more complex architecture.",applicable,SYS01-US01-AC01;SYS01-US01-AC02,"[SYS01-US01-AC01] O sistema deverá responder ao atendente de acordo com os documentos oficiais da empresa; | [SYS01-US01-AC02] O sistema deverá informar o atendente que não pode ajudar, caso nenhum documento contenha a orientação para o procedimento.","The criteria require answers to follow official documents and require the system to withhold guidance when no document supports it. This establishes a safeguard against unsupported responses, consistent with the pattern’s intent.",no
SYS01,Suporte multiárea de acordo com normativos e procedimentos da empresa,SYS01-US01,Eu como atendente de loja quero tirar dúvidas sobre o procedimento adequado para abordar a solicitação do cliente;,"[SYS01-US01-AC01] O sistema deverá responder ao atendente de acordo com os documentos oficiais da empresa; | [SYS01-US01-AC02] O sistema deverá informar o atendente que não pode ajudar, caso nenhum documento contenha a orientação para o procedimento.",016,Partial Rejection of Safety Responsibility,"Recent developments in ML and DL allowed probabilistic systems with large input and output spaces to be explored in safety critical systems. This introduces safety-related challenges, such as: (1) Model complexity and opacity, (2) Dealing with probabilistic output, (3) Sensitivity to distribution shifts (4) Formal verification is impossible or not scalable and more. This safety responsibility has to be dealt with.",A system decides to reject the predictions of a DL algorith or delay any decisions until it is confident enough,"One can allow some uncertainty in a system, while imposing relatively low constraints on the DL algorithms used.",applicable,SYS01-US01-AC02,"[SYS01-US01-AC02] O sistema deverá informar o atendente que não pode ajudar, caso nenhum documento contenha a orientação para o procedimento.","O critério exige que o sistema se abstenha de orientar o atendente quando não houver documento que sustente a resposta, em vez de fornecer uma orientação sem respaldo. Isso corresponde à rejeição de uma resposta quando falta base suficiente para oferecê-la.",yes
SYS01,Suporte multiárea de acordo com normativos e procedimentos da empresa,SYS01-US01,Eu como atendente de loja quero tirar dúvidas sobre o procedimento adequado para abordar a solicitação do cliente;,"[SYS01-US01-AC01] O sistema deverá responder ao atendente de acordo com os documentos oficiais da empresa; | [SYS01-US01-AC02] O sistema deverá informar o atendente que não pode ajudar, caso nenhum documento contenha a orientação para o procedimento.",060,Parameter-based serving pattern,"To control prediction with parameter.
When it is possible to control rule-based.","Add a mechanism in your code to change behaviour of all or a part of the predictions, including stopping, retrying or timeout. Since it is difficult to keep high accuracy without any error for a model for every case or every input data, it is better to estimate possible anomaly and control with rulebased mechanism.","Pros: avoid abnormal prediction for edge cases.
Cons: Impossible to cover all the cases.
Increase in rules make complexity in operation.",applicable,SYS01-US01-AC01;SYS01-US01-AC02,"[SYS01-US01-AC01] O sistema deverá responder ao atendente de acordo com os documentos oficiais da empresa; | [SYS01-US01-AC02] O sistema deverá informar o atendente que não pode ajudar, caso nenhum documento contenha a orientação para o procedimento.","Os critérios condicionam a resposta aos documentos oficiais e exigem que o sistema deixe de fornecer orientação quando nenhum documento a sustenta. Isso evidencia a necessidade de controlar respostas para evitar orientações sem fundamento, alinhada ao propósito do padrão.",no
SYS01,Suporte multiárea de acordo com normativos e procedimentos da empresa,SYS01-US02,"Eu como atendente de TI quero prestar o suporte de primeiro nível para os usuários da empresa, tais como bloqueios de sites ou instalação de softwares",[SYS01-US02-AC01] O sistema deverá registrar um chamado para documentação da solicitação por meio de integração com o sistema de chamados; | [SYS01-US02-AC02] O sistema deverá responder os procedimentos e dúvidas informados pelo usuário no âmbito do portfólio dos serviços de TI;,003,Client-Server,A number of users/applications requires data from an application.,"One component has a role of server and at least one component has the role of client, initiating connections in order to obtain some service.","The data, as well as the network peripherals, are centrally controlled. A disadvantage, however, is that the server is expensive to purchase and manage.",applicable,SYS01-US02-AC01,[SYS01-US02-AC01] O sistema deverá registrar um chamado para documentação da solicitação por meio de integração com o sistema de chamados;,"O registro de chamados por integração exige que o sistema solicite a outro sistema um serviço, evidenciando a relação entre consumidor e provedor de serviços abordada pelo padrão Client-Server.",yes
SYS01,Suporte multiárea de acordo com normativos e procedimentos da empresa,SYS01-US03,Eu como usuário desejo que o sistema mostre todas as fontes usadas nas respostas solicitadas,"[SYS01-US03-AC01] O sistema deverá informar o documento, versão e seção do trecho recuperado | [SYS01-US03-AC02] O sistema deverá informar apenas o que está no catálogo da empresa",001,Encapsulating ML Models within Rule-based Safeguards,"It is impossible to guarantee the correctness of ML model predictions, so they should not be directly used for safety- or security-related functions. Furthermore, ML models can be unstable and vulnerable to adversarial attacks, data noise, and drift.","Introduce a deterministic, rule-based mechanism that decides what to do with the prediction results, e.g., based on additional quality checks.","Reduced risk for negative impacts of incorrect predictions, but a more complex architecture.",applicable,SYS01-US03-AC01;SYS01-US03-AC02,"[SYS01-US03-AC01] O sistema deverá informar o documento, versão e seção do trecho recuperado | [SYS01-US03-AC02] O sistema deverá informar apenas o que está no catálogo da empresa","The response must be limited to the company catalog and identify the document, version, and section supporting a retrieved passage. These constraints establish a need to safeguard responses against unsupported information, which aligns with the pattern’s intent.",no
SYS01,Suporte multiárea de acordo com normativos e procedimentos da empresa,SYS01-US03,Eu como usuário desejo que o sistema mostre todas as fontes usadas nas respostas solicitadas,"[SYS01-US03-AC01] O sistema deverá informar o documento, versão e seção do trecho recuperado | [SYS01-US03-AC02] O sistema deverá informar apenas o que está no catálogo da empresa",013,Fluid Architecture,"Classical architecture and UX patterns, though largely successful, suffer the following limitations in AI contexts: (1) Static interfaces, (2) Lack of bidirectionality, (3) Slow updates, (4) subiptimal personalization, (5) interpretability and explainability","Additional to any AI that runs in a backend, there is an AI in the frontend to evolve the interface and adapt it to changes. Moreover, there is an AI orchestrator. Its purposes are to monitor the performance of both the frontend’s AI and the backend’s AI to make sure that their respective performance is satisfactory and to witness contract negotiations to see how the interactions between the frontend and backend evolve over time.",The aforementioned limitations are alleviated.,applicable,SYS01-US03;SYS01-US03-AC01,"[SYS01-US03] Eu como usuário desejo que o sistema mostre todas as fontes usadas nas respostas solicitadas | [SYS01-US03-AC01] O sistema deverá informar o documento, versão e seção do trecho recuperado","A exigência de mostrar as fontes e identificar documento, versão e seção do trecho recuperado expressa uma necessidade de transparência sobre a origem das respostas, relacionada à interpretabilidade e explicabilidade abordadas pelo padrão.",no
SYS01,Suporte multiárea de acordo com normativos e procedimentos da empresa,SYS01-US03,Eu como usuário desejo que o sistema mostre todas as fontes usadas nas respostas solicitadas,"[SYS01-US03-AC01] O sistema deverá informar o documento, versão e seção do trecho recuperado | [SYS01-US03-AC02] O sistema deverá informar apenas o que está no catálogo da empresa",060,Parameter-based serving pattern,"To control prediction with parameter.
When it is possible to control rule-based.","Add a mechanism in your code to change behaviour of all or a part of the predictions, including stopping, retrying or timeout. Since it is difficult to keep high accuracy without any error for a model for every case or every input data, it is better to estimate possible anomaly and control with rulebased mechanism.","Pros: avoid abnormal prediction for edge cases.
Cons: Impossible to cover all the cases.
Increase in rules make complexity in operation.",applicable,SYS01-US03-AC02,[SYS01-US03-AC02] O sistema deverá informar apenas o que está no catálogo da empresa,"O critério limita as respostas ao conteúdo do catálogo da empresa, estabelecendo uma regra para controlar o que pode ser informado. Isso corresponde à finalidade do padrão de restringir respostas com base em regras.",no
SYS02,Assistente para geração de documentos licitatórios,SYS02-US01,Eu como usuário desejo que o sistema gere um documento inicial de acordo com o registro cadastrado no sistema de licitações,[SYS02-US01-AC01] O sistema deverá seguir o layout previamente cadastrado pelo administrador do sistema | [SYS02-US01-AC02] O sistema deverá substituir as variáveis com o conteúdo gerado pelo modelo de IA | [SYS02-US01-AC03] O sistema deverá utilizar o layout apropriado para o tipo de documento | [SYS02-US01-AC04] O sistema deverá utilizar o padrão de linguagem na norma técnico-jurídica | [SYS02-US01-AC05] O sistema deverá concatenar o texto do layout com os textos das variáveis mantendo um padrão legível e harmônico,002,Pipes and Filters,A system has to perform a variety of tasks of varying complexity on the data that it processes.,"Data is processed through a series of procedures, which have different inputs at various stages and produce incremental results as the comparison of the query images and input image takes place.","System becomes more flexible; removing, modifying and adding filters is easier than with a monolithic system",applicable,SYS02-US01-AC02;SYS02-US01-AC03;SYS02-US01-AC05,[SYS02-US01-AC02] O sistema deverá substituir as variáveis com o conteúdo gerado pelo modelo de IA | [SYS02-US01-AC03] O sistema deverá utilizar o layout apropriado para o tipo de documento | [SYS02-US01-AC05] O sistema deverá concatenar o texto do layout com os textos das variáveis mantendo um padrão legível e harmônico,"Os critérios exigem operações distintas sobre os dados do documento: escolher o layout apropriado, substituir variáveis pelo conteúdo gerado e combinar os textos em um resultado legível. Essas transformações sucessivas correspondem à necessidade de processamento em etapas abordada por Pipes and Filters.",yes
SYS02,Assistente para geração de documentos licitatórios,SYS02-US01,Eu como usuário desejo que o sistema gere um documento inicial de acordo com o registro cadastrado no sistema de licitações,[SYS02-US01-AC01] O sistema deverá seguir o layout previamente cadastrado pelo administrador do sistema | [SYS02-US01-AC02] O sistema deverá substituir as variáveis com o conteúdo gerado pelo modelo de IA | [SYS02-US01-AC03] O sistema deverá utilizar o layout apropriado para o tipo de documento | [SYS02-US01-AC04] O sistema deverá utilizar o padrão de linguagem na norma técnico-jurídica | [SYS02-US01-AC05] O sistema deverá concatenar o texto do layout com os textos das variáveis mantendo um padrão legível e harmônico,004,Model-View-Controller (MVC),The system is required to facilitate multiple views of the same data object and single view of multiple data objects.,"Includes three parts: Model (internal data), View (data representation) and Controller (I/O Controller). Only the model layer should be altered.",This pattern greatly enhances the code reusability and system enpansibility.,applicable,SYS02-US01-AC01;SYS02-US01-AC02;SYS02-US01-AC03,[SYS02-US01-AC01] O sistema deverá seguir o layout previamente cadastrado pelo administrador do sistema | [SYS02-US01-AC02] O sistema deverá substituir as variáveis com o conteúdo gerado pelo modelo de IA | [SYS02-US01-AC03] O sistema deverá utilizar o layout apropriado para o tipo de documento,"The criteria distinguish generated content from its layout and require the layout to vary by document type. This provides evidence of a need to keep data separate from its representation, which is the concern addressed by MVC.",no
SYS02,Assistente para geração de documentos licitatórios,SYS02-US01,Eu como usuário desejo que o sistema gere um documento inicial de acordo com o registro cadastrado no sistema de licitações,[SYS02-US01-AC01] O sistema deverá seguir o layout previamente cadastrado pelo administrador do sistema | [SYS02-US01-AC02] O sistema deverá substituir as variáveis com o conteúdo gerado pelo modelo de IA | [SYS02-US01-AC03] O sistema deverá utilizar o layout apropriado para o tipo de documento | [SYS02-US01-AC04] O sistema deverá utilizar o padrão de linguagem na norma técnico-jurídica | [SYS02-US01-AC05] O sistema deverá concatenar o texto do layout com os textos das variáveis mantendo um padrão legível e harmônico,014,"Distinguish Business Logic from
ML Model","Machine Learning (ML) systems are complex because their ML components must be (re)trained regularly and have an intrinsic non-deterministic behavior. Similar to other systems, the business requirements for these systems as well as ML algorithms change over time.","Define clear APIs between traditional and
ML components. Place business and ML components with different responsibilities into three layers. Divide data flows into three.",Decoupling “traditional” business and ML components allows the ML components to be monitored and adjusted to meet users’ requirements and changing inputs.,applicable,SYS02-US01-AC01;SYS02-US01-AC02;SYS02-US01-AC03;SYS02-US01-AC05,[SYS02-US01-AC01] O sistema deverá seguir o layout previamente cadastrado pelo administrador do sistema | [SYS02-US01-AC02] O sistema deverá substituir as variáveis com o conteúdo gerado pelo modelo de IA | [SYS02-US01-AC03] O sistema deverá utilizar o layout apropriado para o tipo de documento | [SYS02-US01-AC05] O sistema deverá concatenar o texto do layout com os textos das variáveis mantendo um padrão legível e harmônico,"Os critérios distinguem o conteúdo gerado pelo modelo de IA das regras para selecionar o layout cadastrado, substituir variáveis e compor o documento. Essa distinção entre responsabilidades de ML e lógica de negócio corresponde à preocupação central do padrão.",no
SYS02,Assistente para geração de documentos licitatórios,SYS02-US01,Eu como usuário desejo que o sistema gere um documento inicial de acordo com o registro cadastrado no sistema de licitações,[SYS02-US01-AC01] O sistema deverá seguir o layout previamente cadastrado pelo administrador do sistema | [SYS02-US01-AC02] O sistema deverá substituir as variáveis com o conteúdo gerado pelo modelo de IA | [SYS02-US01-AC03] O sistema deverá utilizar o layout apropriado para o tipo de documento | [SYS02-US01-AC04] O sistema deverá utilizar o padrão de linguagem na norma técnico-jurídica | [SYS02-US01-AC05] O sistema deverá concatenar o texto do layout com os textos das variáveis mantendo um padrão legível e harmônico,045,Builder Pattern,,Separate the construction of a complex object from its representation,,applicable,SYS02-US01-AC01;SYS02-US01-AC02;SYS02-US01-AC03;SYS02-US01-AC05,[SYS02-US01-AC01] O sistema deverá seguir o layout previamente cadastrado pelo administrador do sistema | [SYS02-US01-AC02] O sistema deverá substituir as variáveis com o conteúdo gerado pelo modelo de IA | [SYS02-US01-AC03] O sistema deverá utilizar o layout apropriado para o tipo de documento | [SYS02-US01-AC05] O sistema deverá concatenar o texto do layout com os textos das variáveis mantendo um padrão legível e harmônico,Os critérios distinguem o conteúdo gerado para as variáveis do layout que representa o documento e exigem combiná-los conforme o tipo de documento. Essa distinção entre a composição do documento e sua representação corresponde à necessidade tratada pelo Builder.,no
SYS02,Assistente para geração de documentos licitatórios,SYS02-US01,Eu como usuário desejo que o sistema gere um documento inicial de acordo com o registro cadastrado no sistema de licitações,[SYS02-US01-AC01] O sistema deverá seguir o layout previamente cadastrado pelo administrador do sistema | [SYS02-US01-AC02] O sistema deverá substituir as variáveis com o conteúdo gerado pelo modelo de IA | [SYS02-US01-AC03] O sistema deverá utilizar o layout apropriado para o tipo de documento | [SYS02-US01-AC04] O sistema deverá utilizar o padrão de linguagem na norma técnico-jurídica | [SYS02-US01-AC05] O sistema deverá concatenar o texto do layout com os textos das variáveis mantendo um padrão legível e harmônico,050,Synchronous pattern,"When in your business logic, the model inference is a blocker to proceed to the next step",blocks the system's workflow until the prediction finishes,"Easy to manage with its simplicity. All operational aspects like transaction tracing, monitoring etc become easy as well. Service workflow becomes simple for the process won't proceed until the prediction completes.
But: (1) The prediction latency can become a performance bottleneck.
(2) You might have to consider a workaround for not degrading your user experience because of prediction latency. (3) If the client of your service is another service then this pattern leads to blocked threads on the client side.",applicable,SYS02-US01-AC02;SYS02-US01-AC05,[SYS02-US01-AC02] O sistema deverá substituir as variáveis com o conteúdo gerado pelo modelo de IA | [SYS02-US01-AC05] O sistema deverá concatenar o texto do layout com os textos das variáveis mantendo um padrão legível e harmônico,"A substituição das variáveis e a composição do documento dependem do conteúdo gerado pelo modelo de IA. Assim, essa etapa do fluxo não pode prosseguir até que a geração termine, o que corresponde à necessidade tratada pelo padrão.",no
SYS02,Assistente para geração de documentos licitatórios,SYS02-US02,"Eu como usuário desejo que o sistema melhore os textos informados, corrigindo eventuais erros e ajustando-o à norma técnico-jurídica","[SYS02-US02-AC01] O sistema deverá alterar os textos sem alterar o contexto ou o propósito do artefato produzido | [SYS02-US02-AC02] O sistema deverá aceitar diversos tipos de documentos previamente padronizados | [SYS02-US02-AC03] O sistema deverá permitir que o usuário reformule, resuma ou expanda o conteúdo com contexto;",001,Encapsulating ML Models within Rule-based Safeguards,"It is impossible to guarantee the correctness of ML model predictions, so they should not be directly used for safety- or security-related functions. Furthermore, ML models can be unstable and vulnerable to adversarial attacks, data noise, and drift.","Introduce a deterministic, rule-based mechanism that decides what to do with the prediction results, e.g., based on additional quality checks.","Reduced risk for negative impacts of incorrect predictions, but a more complex architecture.",applicable,SYS02-US02-AC01,[SYS02-US02-AC01] O sistema deverá alterar os textos sem alterar o contexto ou o propósito do artefato produzido,"AC01 requires text revisions to preserve the artifact’s context and purpose. This is an explicit concern about incorrect output, which aligns with the pattern’s intent to safeguard against harmful results from an automated component.",no
SYS02,Assistente para geração de documentos licitatórios,SYS02-US02,"Eu como usuário desejo que o sistema melhore os textos informados, corrigindo eventuais erros e ajustando-o à norma técnico-jurídica","[SYS02-US02-AC01] O sistema deverá alterar os textos sem alterar o contexto ou o propósito do artefato produzido | [SYS02-US02-AC02] O sistema deverá aceitar diversos tipos de documentos previamente padronizados | [SYS02-US02-AC03] O sistema deverá permitir que o usuário reformule, resuma ou expanda o conteúdo com contexto;",002,Pipes and Filters,A system has to perform a variety of tasks of varying complexity on the data that it processes.,"Data is processed through a series of procedures, which have different inputs at various stages and produce incremental results as the comparison of the query images and input image takes place.","System becomes more flexible; removing, modifying and adding filters is easier than with a monolithic system",applicable,SYS02-US02;SYS02-US02-AC03,"[SYS02-US02] Eu como usuário desejo que o sistema melhore os textos informados, corrigindo eventuais erros e ajustando-o à norma técnico-jurídica | [SYS02-US02-AC03] O sistema deverá permitir que o usuário reformule, resuma ou expanda o conteúdo com contexto;","A história exige corrigir e adequar textos, enquanto o critério prevê reformular, resumir ou expandir conteúdo. Essa variedade de tarefas de processamento textual corresponde à necessidade abordada pelo padrão.",yes
SYS02,Assistente para geração de documentos licitatórios,SYS02-US02,"Eu como usuário desejo que o sistema melhore os textos informados, corrigindo eventuais erros e ajustando-o à norma técnico-jurídica","[SYS02-US02-AC01] O sistema deverá alterar os textos sem alterar o contexto ou o propósito do artefato produzido | [SYS02-US02-AC02] O sistema deverá aceitar diversos tipos de documentos previamente padronizados | [SYS02-US02-AC03] O sistema deverá permitir que o usuário reformule, resuma ou expanda o conteúdo com contexto;",060,Parameter-based serving pattern,"To control prediction with parameter.
When it is possible to control rule-based.","Add a mechanism in your code to change behaviour of all or a part of the predictions, including stopping, retrying or timeout. Since it is difficult to keep high accuracy without any error for a model for every case or every input data, it is better to estimate possible anomaly and control with rulebased mechanism.","Pros: avoid abnormal prediction for edge cases.
Cons: Impossible to cover all the cases.
Increase in rules make complexity in operation.",applicable,SYS02-US02-AC01;SYS02-US02-AC03,"[SYS02-US02-AC01] O sistema deverá alterar os textos sem alterar o contexto ou o propósito do artefato produzido | [SYS02-US02-AC03] O sistema deverá permitir que o usuário reformule, resuma ou expanda o conteúdo com contexto;","The user must be able to select how the text is transformed—reformulated, summarized, or expanded—while the resulting text must preserve the artifact’s context and purpose. These are explicit needs to control output behavior and constrain unacceptable results, which align with the pattern’s intent.",no
SYS02,Assistente para geração de documentos licitatórios,SYS02-US02,"Eu como usuário desejo que o sistema melhore os textos informados, corrigindo eventuais erros e ajustando-o à norma técnico-jurídica","[SYS02-US02-AC01] O sistema deverá alterar os textos sem alterar o contexto ou o propósito do artefato produzido | [SYS02-US02-AC02] O sistema deverá aceitar diversos tipos de documentos previamente padronizados | [SYS02-US02-AC03] O sistema deverá permitir que o usuário reformule, resuma ou expanda o conteúdo com contexto;",064,Daisy Architecture,"Example: organisations acquire the ability to scale their premium content production processes via the use of machine learning, text analytics and annotation techniques, and then extend the coverage of that tooling over as much of their remaining content geography as possible",Switch from content production pipelines that are a.) push-based; b.) manual and c.) linear; to content enrichment cycles that are a.) pull-based; b.) automated; and c.) on-demand and iterative,"Result of three technical enablers:
(1) Influence of Kanban on software design
(2) Scaling of automated content analysis and rich metadata creation
(3) Adoption of microservice architectures",applicable,SYS02-US02;SYS02-US02-AC03,"[SYS02-US02] Eu como usuário desejo que o sistema melhore os textos informados, corrigindo eventuais erros e ajustando-o à norma técnico-jurídica | [SYS02-US02-AC03] O sistema deverá permitir que o usuário reformule, resuma ou expanda o conteúdo com contexto;","A história solicita o aprimoramento automático de textos, e o critério AC03 permite ao usuário solicitar reformulações, resumos ou expansões conforme o contexto. Isso evidencia uma necessidade de enriquecimento de conteúdo sob demanda, alinhada à intenção do padrão.",no
SYS02,Assistente para geração de documentos licitatórios,SYS02-US02,"Eu como usuário desejo que o sistema melhore os textos informados, corrigindo eventuais erros e ajustando-o à norma técnico-jurídica","[SYS02-US02-AC01] O sistema deverá alterar os textos sem alterar o contexto ou o propósito do artefato produzido | [SYS02-US02-AC02] O sistema deverá aceitar diversos tipos de documentos previamente padronizados | [SYS02-US02-AC03] O sistema deverá permitir que o usuário reformule, resuma ou expanda o conteúdo com contexto;",070,Condition-based-serving pattern,When prediction target varies a lot by condition. When you can conditionally select a model in a rule-based manner.,"Deploy various models and define selection rules for them. Depending on certain attributes of the input data, the most adequate model is used.","Positive: Select an adequate model depending on condition.
Negative: Operational cost raise with number of models.",applicable,SYS02-US02-AC03,"[SYS02-US02-AC03] O sistema deverá permitir que o usuário reformule, resuma ou expanda o conteúdo com contexto;","O critério prevê objetivos distintos para o texto — reformular, resumir ou expandir — conforme a operação solicitada pelo usuário. Essa variação do resultado esperado por condição corresponde à necessidade tratada pelo padrão.",no
SYS02,Assistente para geração de documentos licitatórios,SYS02-US03,Eu como usuário desejo salvar o documento completo,[SYS02-US03-AC01] O sistema deverá compilar todas as partes do documento | [SYS02-US03-AC02] O sistema deverá corrigir eventuais erros gramaticais na versão salva | [SYS02-US03-AC03] O sistema deverá informar quais palavras foram corrigidas,002,Pipes and Filters,A system has to perform a variety of tasks of varying complexity on the data that it processes.,"Data is processed through a series of procedures, which have different inputs at various stages and produce incremental results as the comparison of the query images and input image takes place.","System becomes more flexible; removing, modifying and adding filters is easier than with a monolithic system",applicable,SYS02-US03-AC01;SYS02-US03-AC02;SYS02-US03-AC03,[SYS02-US03-AC01] O sistema deverá compilar todas as partes do documento | [SYS02-US03-AC02] O sistema deverá corrigir eventuais erros gramaticais na versão salva | [SYS02-US03-AC03] O sistema deverá informar quais palavras foram corrigidas,"Os critérios exigem tarefas distintas sobre o documento: compilar suas partes, corrigir a gramática e informar as palavras corrigidas. Esse processamento em etapas, com resultados relacionados, corresponde à necessidade tratada por Pipes and Filters.",yes
SYS02,Assistente para geração de documentos licitatórios,SYS02-US03,Eu como usuário desejo salvar o documento completo,[SYS02-US03-AC01] O sistema deverá compilar todas as partes do documento | [SYS02-US03-AC02] O sistema deverá corrigir eventuais erros gramaticais na versão salva | [SYS02-US03-AC03] O sistema deverá informar quais palavras foram corrigidas,045,Builder Pattern,,Separate the construction of a complex object from its representation,,applicable,SYS02-US03-AC01,[SYS02-US03-AC01] O sistema deverá compilar todas as partes do documento,"A exigência de compilar todas as partes em um documento completo evidencia uma construção por partes, necessidade abordada pelo Builder.",no
SYS03,Processamento e validação de arquivos enviados para o sistema Comercial da Empresa por meio dos aplicativos integrados para solicitação de serviços,SYS03-US01,"Como sistema IA, quero receber os arquivos do cliente, para que eu possa analisar os documentos enviados e verificar se a documentação pertence ao cliente solicitante.",[SYS03-US01-AC01] O sistema IA deve receber todas as imagens enviadas pelo cliente. | [SYS03-US01-AC02] O sistema IA deve verificar se a foto do documento pertence ao cliente que enviou a foto selfie.,001,Encapsulating ML Models within Rule-based Safeguards,"It is impossible to guarantee the correctness of ML model predictions, so they should not be directly used for safety- or security-related functions. Furthermore, ML models can be unstable and vulnerable to adversarial attacks, data noise, and drift.","Introduce a deterministic, rule-based mechanism that decides what to do with the prediction results, e.g., based on additional quality checks.","Reduced risk for negative impacts of incorrect predictions, but a more complex architecture.",applicable,SYS03-US01-AC02,[SYS03-US01-AC02] O sistema IA deve verificar se a foto do documento pertence ao cliente que enviou a foto selfie.,"The AI system must determine whether the document photo belongs to the customer who submitted the selfie. An incorrect AI judgment could undermine this identity check, making prediction reliability a security concern addressed by the pattern.",no
SYS03,Processamento e validação de arquivos enviados para o sistema Comercial da Empresa por meio dos aplicativos integrados para solicitação de serviços,SYS03-US02,"Como sistema IA, quero alterar o status do atendimento quando confirmar que o documento pertence ao cliente, para que o cliente possa receber a confirmação da validação e a Empresa seguir com o atendimento ao cliente.","[SYS03-US02-AC01] O sistema IA deve se comunicar com o sistema Comercial da empresa e alterar o status do atendimento para PENDENTE DE EXECUÇÃO. | [SYS03-US02-AC02] Com a mudança de status, o sistema Comercial da empresa deve comunicar ao cliente. | [SYS03-US02-AC03] Com a mudança de status, o sistema Comercial da empresa deve seguir com a programação do atendimento.",001,Encapsulating ML Models within Rule-based Safeguards,"It is impossible to guarantee the correctness of ML model predictions, so they should not be directly used for safety- or security-related functions. Furthermore, ML models can be unstable and vulnerable to adversarial attacks, data noise, and drift.","Introduce a deterministic, rule-based mechanism that decides what to do with the prediction results, e.g., based on additional quality checks.","Reduced risk for negative impacts of incorrect predictions, but a more complex architecture.",applicable,SYS03-US02;SYS03-US02-AC01;SYS03-US02-AC03,"[SYS03-US02] Como sistema IA, quero alterar o status do atendimento quando confirmar que o documento pertence ao cliente, para que o cliente possa receber a confirmação da validação e a Empresa seguir com o atendimento ao cliente. | [SYS03-US02-AC01] O sistema IA deve se comunicar com o sistema Comercial da empresa e alterar o status do atendimento para PENDENTE DE EXECUÇÃO. | [SYS03-US02-AC03] Com a mudança de status, o sistema Comercial da empresa deve seguir com a programação do atendimento.","A confirmação pelo sistema IA de que o documento pertence ao cliente determina a mudança de status e a continuidade do atendimento. Como essa decisão automatizada envolve a titularidade do documento e libera etapas posteriores, ela apresenta o risco de validação incorreta que o padrão busca mitigar.",no
SYS03,Processamento e validação de arquivos enviados para o sistema Comercial da Empresa por meio dos aplicativos integrados para solicitação de serviços,SYS03-US02,"Como sistema IA, quero alterar o status do atendimento quando confirmar que o documento pertence ao cliente, para que o cliente possa receber a confirmação da validação e a Empresa seguir com o atendimento ao cliente.","[SYS03-US02-AC01] O sistema IA deve se comunicar com o sistema Comercial da empresa e alterar o status do atendimento para PENDENTE DE EXECUÇÃO. | [SYS03-US02-AC02] Com a mudança de status, o sistema Comercial da empresa deve comunicar ao cliente. | [SYS03-US02-AC03] Com a mudança de status, o sistema Comercial da empresa deve seguir com a programação do atendimento.",003,Client-Server,A number of users/applications requires data from an application.,"One component has a role of server and at least one component has the role of client, initiating connections in order to obtain some service.","The data, as well as the network peripherals, are centrally controlled. A disadvantage, however, is that the server is expensive to purchase and manage.",applicable,SYS03-US02-AC01;SYS03-US02-AC02;SYS03-US02-AC03,"[SYS03-US02-AC01] O sistema IA deve se comunicar com o sistema Comercial da empresa e alterar o status do atendimento para PENDENTE DE EXECUÇÃO. | [SYS03-US02-AC02] Com a mudança de status, o sistema Comercial da empresa deve comunicar ao cliente. | [SYS03-US02-AC03] Com a mudança de status, o sistema Comercial da empresa deve seguir com a programação do atendimento.","O sistema IA precisa se comunicar com o sistema Comercial para alterar o status do atendimento; a partir dessa alteração, o sistema Comercial comunica o cliente e dá continuidade à programação. Isso evidencia a interação entre um sistema que solicita uma operação e outro que a realiza e mantém o atendimento.",no
SYS03,Processamento e validação de arquivos enviados para o sistema Comercial da Empresa por meio dos aplicativos integrados para solicitação de serviços,SYS03-US02,"Como sistema IA, quero alterar o status do atendimento quando confirmar que o documento pertence ao cliente, para que o cliente possa receber a confirmação da validação e a Empresa seguir com o atendimento ao cliente.","[SYS03-US02-AC01] O sistema IA deve se comunicar com o sistema Comercial da empresa e alterar o status do atendimento para PENDENTE DE EXECUÇÃO. | [SYS03-US02-AC02] Com a mudança de status, o sistema Comercial da empresa deve comunicar ao cliente. | [SYS03-US02-AC03] Com a mudança de status, o sistema Comercial da empresa deve seguir com a programação do atendimento.",014,"Distinguish Business Logic from
ML Model","Machine Learning (ML) systems are complex because their ML components must be (re)trained regularly and have an intrinsic non-deterministic behavior. Similar to other systems, the business requirements for these systems as well as ML algorithms change over time.","Define clear APIs between traditional and
ML components. Place business and ML components with different responsibilities into three layers. Divide data flows into three.",Decoupling “traditional” business and ML components allows the ML components to be monitored and adjusted to meet users’ requirements and changing inputs.,applicable,SYS03-US02;SYS03-US02-AC01;SYS03-US02-AC02;SYS03-US02-AC03,"[SYS03-US02] Como sistema IA, quero alterar o status do atendimento quando confirmar que o documento pertence ao cliente, para que o cliente possa receber a confirmação da validação e a Empresa seguir com o atendimento ao cliente. | [SYS03-US02-AC01] O sistema IA deve se comunicar com o sistema Comercial da empresa e alterar o status do atendimento para PENDENTE DE EXECUÇÃO. | [SYS03-US02-AC02] Com a mudança de status, o sistema Comercial da empresa deve comunicar ao cliente. | [SYS03-US02-AC03] Com a mudança de status, o sistema Comercial da empresa deve seguir com a programação do atendimento.","A confirmação do documento pelo sistema IA desencadeia atividades de negócio distintas: a alteração do status no sistema Comercial, a comunicação ao cliente e a programação do atendimento. Essa divisão de responsabilidades entre a validação por IA e o fluxo comercial corresponde à necessidade de distinguir componentes de IA da lógica de negócio.",no
SYS03,Processamento e validação de arquivos enviados para o sistema Comercial da Empresa por meio dos aplicativos integrados para solicitação de serviços,SYS03-US02,"Como sistema IA, quero alterar o status do atendimento quando confirmar que o documento pertence ao cliente, para que o cliente possa receber a confirmação da validação e a Empresa seguir com o atendimento ao cliente.","[SYS03-US02-AC01] O sistema IA deve se comunicar com o sistema Comercial da empresa e alterar o status do atendimento para PENDENTE DE EXECUÇÃO. | [SYS03-US02-AC02] Com a mudança de status, o sistema Comercial da empresa deve comunicar ao cliente. | [SYS03-US02-AC03] Com a mudança de status, o sistema Comercial da empresa deve seguir com a programação do atendimento.",044,State Pattern,,Allow an object to alter its behavior when its internal state changes,,applicable,SYS03-US02-AC01;SYS03-US02-AC02;SYS03-US02-AC03,"[SYS03-US02-AC01] O sistema IA deve se comunicar com o sistema Comercial da empresa e alterar o status do atendimento para PENDENTE DE EXECUÇÃO. | [SYS03-US02-AC02] Com a mudança de status, o sistema Comercial da empresa deve comunicar ao cliente. | [SYS03-US02-AC03] Com a mudança de status, o sistema Comercial da empresa deve seguir com a programação do atendimento.",A alteração do status do atendimento para PENDENTE DE EXECUÇÃO determina as ações seguintes do sistema Comercial: comunicar o cliente e prosseguir com a programação. Isso evidencia comportamento associado à mudança de estado.,no
SYS03,Processamento e validação de arquivos enviados para o sistema Comercial da Empresa por meio dos aplicativos integrados para solicitação de serviços,SYS03-US02,"Como sistema IA, quero alterar o status do atendimento quando confirmar que o documento pertence ao cliente, para que o cliente possa receber a confirmação da validação e a Empresa seguir com o atendimento ao cliente.","[SYS03-US02-AC01] O sistema IA deve se comunicar com o sistema Comercial da empresa e alterar o status do atendimento para PENDENTE DE EXECUÇÃO. | [SYS03-US02-AC02] Com a mudança de status, o sistema Comercial da empresa deve comunicar ao cliente. | [SYS03-US02-AC03] Com a mudança de status, o sistema Comercial da empresa deve seguir com a programação do atendimento.",050,Synchronous pattern,"When in your business logic, the model inference is a blocker to proceed to the next step",blocks the system's workflow until the prediction finishes,"Easy to manage with its simplicity. All operational aspects like transaction tracing, monitoring etc become easy as well. Service workflow becomes simple for the process won't proceed until the prediction completes.
But: (1) The prediction latency can become a performance bottleneck.
(2) You might have to consider a workaround for not degrading your user experience because of prediction latency. (3) If the client of your service is another service then this pattern leads to blocked threads on the client side.",applicable,SYS03-US02;SYS03-US02-AC01;SYS03-US02-AC02;SYS03-US02-AC03,"[SYS03-US02] Como sistema IA, quero alterar o status do atendimento quando confirmar que o documento pertence ao cliente, para que o cliente possa receber a confirmação da validação e a Empresa seguir com o atendimento ao cliente. | [SYS03-US02-AC01] O sistema IA deve se comunicar com o sistema Comercial da empresa e alterar o status do atendimento para PENDENTE DE EXECUÇÃO. | [SYS03-US02-AC02] Com a mudança de status, o sistema Comercial da empresa deve comunicar ao cliente. | [SYS03-US02-AC03] Com a mudança de status, o sistema Comercial da empresa deve seguir com a programação do atendimento.","A história condiciona a alteração do status à confirmação, pelo sistema IA, de que o documento pertence ao cliente. Os critérios vinculam a comunicação ao cliente e a programação do atendimento à mudança de status. Assim, o resultado da validação é necessário antes que o fluxo avance.",no
SYS03,Processamento e validação de arquivos enviados para o sistema Comercial da Empresa por meio dos aplicativos integrados para solicitação de serviços,SYS03-US03,"Como sistema IA, quero baixar o serviço como improcedente quando confirmar que o documento não pertence ao cliente, para que o cliente possa receber uma notificação da Empresa informando que não foi possível confirmar o cliente.","[SYS03-US03-AC01] O sistema IA deve baixar o serviço no sistema Comercial da empresa como improcedente e preencher o motivo da improcedência para ser informado ao cliente. | [SYS03-US03-AC02] Com a baixa do serviço, o sistema Comercial da empresa deve notificar o cliente.",003,Client-Server,A number of users/applications requires data from an application.,"One component has a role of server and at least one component has the role of client, initiating connections in order to obtain some service.","The data, as well as the network peripherals, are centrally controlled. A disadvantage, however, is that the server is expensive to purchase and manage.",applicable,SYS03-US03-AC01;SYS03-US03-AC02,"[SYS03-US03-AC01] O sistema IA deve baixar o serviço no sistema Comercial da empresa como improcedente e preencher o motivo da improcedência para ser informado ao cliente. | [SYS03-US03-AC02] Com a baixa do serviço, o sistema Comercial da empresa deve notificar o cliente.","O sistema IA precisa registrar a baixa e seu motivo no sistema Comercial, que mantém o serviço e é responsável por notificar o cliente. Isso evidencia uma aplicação utilizando uma função de outra aplicação, relação atendida pelo padrão Client-Server.",no
SYS03,Processamento e validação de arquivos enviados para o sistema Comercial da Empresa por meio dos aplicativos integrados para solicitação de serviços,SYS03-US03,"Como sistema IA, quero baixar o serviço como improcedente quando confirmar que o documento não pertence ao cliente, para que o cliente possa receber uma notificação da Empresa informando que não foi possível confirmar o cliente.","[SYS03-US03-AC01] O sistema IA deve baixar o serviço no sistema Comercial da empresa como improcedente e preencher o motivo da improcedência para ser informado ao cliente. | [SYS03-US03-AC02] Com a baixa do serviço, o sistema Comercial da empresa deve notificar o cliente.",050,Synchronous pattern,"When in your business logic, the model inference is a blocker to proceed to the next step",blocks the system's workflow until the prediction finishes,"Easy to manage with its simplicity. All operational aspects like transaction tracing, monitoring etc become easy as well. Service workflow becomes simple for the process won't proceed until the prediction completes.
But: (1) The prediction latency can become a performance bottleneck.
(2) You might have to consider a workaround for not degrading your user experience because of prediction latency. (3) If the client of your service is another service then this pattern leads to blocked threads on the client side.",applicable,SYS03-US03;SYS03-US03-AC01,"[SYS03-US03] Como sistema IA, quero baixar o serviço como improcedente quando confirmar que o documento não pertence ao cliente, para que o cliente possa receber uma notificação da Empresa informando que não foi possível confirmar o cliente. | [SYS03-US03-AC01] O sistema IA deve baixar o serviço no sistema Comercial da empresa como improcedente e preencher o motivo da improcedência para ser informado ao cliente.","A baixa do serviço como improcedente depende de a IA confirmar que o documento não pertence ao cliente. Essa confirmação é uma condição para prosseguir com a atualização do serviço, alinhando-se à necessidade de aguardar o resultado da avaliação antes da próxima etapa.",no
SYS04,"Reproduzir digitalmente a estrutura física, os sensores, os equipamentos e o ambiente de automação da ETA, permitindo executar testes, simular condições operacionais e avaliar estratégias de controle sem interferir na operação real.",SYS04-US02,"Como desenvolvedor de automação, quero que o simulador disponibilize variáveis e receba comandos por meio dos protocolos definidos no projeto, para testar a integração com CLP, supervisório e aplicações externas.",[SYS04-US02-AC01] O sistema deve disponibilizar as variáveis simuladas por OPC UA. | [SYS04-US02-AC02] As tags devem seguir a nomenclatura e os tipos de dados definidos para a ETA. | [SYS04-US02-AC03] O sistema deve receber comandos permitidos e refletir seus efeitos na simulação. | [SYS04-US02-AC04] A perda e o restabelecimento da comunicação devem poder ser testados.,003,Client-Server,A number of users/applications requires data from an application.,"One component has a role of server and at least one component has the role of client, initiating connections in order to obtain some service.","The data, as well as the network peripherals, are centrally controlled. A disadvantage, however, is that the server is expensive to purchase and manage.",applicable,SYS04-US02;SYS04-US02-AC01;SYS04-US02-AC03,"[SYS04-US02] Como desenvolvedor de automação, quero que o simulador disponibilize variáveis e receba comandos por meio dos protocolos definidos no projeto, para testar a integração com CLP, supervisório e aplicações externas. | [SYS04-US02-AC01] O sistema deve disponibilizar as variáveis simuladas por OPC UA. | [SYS04-US02-AC03] O sistema deve receber comandos permitidos e refletir seus efeitos na simulação.","A história exige que o simulador forneça variáveis e receba comandos para integração com CLP, supervisório e aplicações externas. Os critérios confirmam a disponibilização de dados e o recebimento de comandos, caracterizando uma interface de serviços acessada por outras aplicações, necessidade atendida pelo padrão Client-Server.",no
SYS04,"Reproduzir digitalmente a estrutura física, os sensores, os equipamentos e o ambiente de automação da ETA, permitindo executar testes, simular condições operacionais e avaliar estratégias de controle sem interferir na operação real.",SYS04-US02,"Como desenvolvedor de automação, quero que o simulador disponibilize variáveis e receba comandos por meio dos protocolos definidos no projeto, para testar a integração com CLP, supervisório e aplicações externas.",[SYS04-US02-AC01] O sistema deve disponibilizar as variáveis simuladas por OPC UA. | [SYS04-US02-AC02] As tags devem seguir a nomenclatura e os tipos de dados definidos para a ETA. | [SYS04-US02-AC03] O sistema deve receber comandos permitidos e refletir seus efeitos na simulação. | [SYS04-US02-AC04] A perda e o restabelecimento da comunicação devem poder ser testados.,028,End-To-End Tests,A faulty ML model or pipeline shouldn’t be allowed to be released and produce poor results in the app.,"Manual smoke testing is always useful, and keeping the tests fresh and up-to-date with new features, use cases and data is an ongoing task. ML model predictions are no different. If a part of the app is served by an ML model recommendation, identify the assertions that can be made",,applicable,SYS04-US02;SYS04-US02-AC03;SYS04-US02-AC04,"[SYS04-US02] Como desenvolvedor de automação, quero que o simulador disponibilize variáveis e receba comandos por meio dos protocolos definidos no projeto, para testar a integração com CLP, supervisório e aplicações externas. | [SYS04-US02-AC03] O sistema deve receber comandos permitidos e refletir seus efeitos na simulação. | [SYS04-US02-AC04] A perda e o restabelecimento da comunicação devem poder ser testados.","A história exige testar a integração do simulador com CLP, supervisório e aplicações externas. Verificar comandos e seus efeitos na simulação, além da perda e do restabelecimento da comunicação, envolve o comportamento integrado que testes end-to-end avaliam.",no
SYS04,"Reproduzir digitalmente a estrutura física, os sensores, os equipamentos e o ambiente de automação da ETA, permitindo executar testes, simular condições operacionais e avaliar estratégias de controle sem interferir na operação real.",SYS04-US03,"Como cientista de dados ou engenheiro de controle, quero conectar modelos de controle e inteligência artificial ao gêmeo digital, para avaliar suas recomendações antes da aplicação na ETA real.","[SYS04-US03-AC01] O sistema deve fornecer aos modelos as mesmas variáveis previstas para o ambiente real. | [SYS04-US03-AC02] Os comandos ou recomendações dos modelos devem ser aplicados somente ao ambiente simulado. | [SYS04-US03-AC03] O sistema deve registrar entradas, saídas e resultados de cada execução. | [SYS04-US03-AC04] Deve ser possível comparar diferentes modelos utilizando o mesmo cenário.",001,Encapsulating ML Models within Rule-based Safeguards,"It is impossible to guarantee the correctness of ML model predictions, so they should not be directly used for safety- or security-related functions. Furthermore, ML models can be unstable and vulnerable to adversarial attacks, data noise, and drift.","Introduce a deterministic, rule-based mechanism that decides what to do with the prediction results, e.g., based on additional quality checks.","Reduced risk for negative impacts of incorrect predictions, but a more complex architecture.",applicable,SYS04-US03;SYS04-US03-AC02,"[SYS04-US03] Como cientista de dados ou engenheiro de controle, quero conectar modelos de controle e inteligência artificial ao gêmeo digital, para avaliar suas recomendações antes da aplicação na ETA real. | [SYS04-US03-AC02] Os comandos ou recomendações dos modelos devem ser aplicados somente ao ambiente simulado.","A história exige avaliar recomendações dos modelos antes de sua aplicação na ETA real, e o critério limita sua aplicação ao ambiente simulado. Essa restrição evidencia a necessidade de proteger a operação real dos efeitos diretos das saídas dos modelos.",no
SYS04,"Reproduzir digitalmente a estrutura física, os sensores, os equipamentos e o ambiente de automação da ETA, permitindo executar testes, simular condições operacionais e avaliar estratégias de controle sem interferir na operação real.",SYS04-US03,"Como cientista de dados ou engenheiro de controle, quero conectar modelos de controle e inteligência artificial ao gêmeo digital, para avaliar suas recomendações antes da aplicação na ETA real.","[SYS04-US03-AC01] O sistema deve fornecer aos modelos as mesmas variáveis previstas para o ambiente real. | [SYS04-US03-AC02] Os comandos ou recomendações dos modelos devem ser aplicados somente ao ambiente simulado. | [SYS04-US03-AC03] O sistema deve registrar entradas, saídas e resultados de cada execução. | [SYS04-US03-AC04] Deve ser possível comparar diferentes modelos utilizando o mesmo cenário.",003,Client-Server,A number of users/applications requires data from an application.,"One component has a role of server and at least one component has the role of client, initiating connections in order to obtain some service.","The data, as well as the network peripherals, are centrally controlled. A disadvantage, however, is that the server is expensive to purchase and manage.",applicable,SYS04-US03;SYS04-US03-AC01;SYS04-US03-AC04,"[SYS04-US03] Como cientista de dados ou engenheiro de controle, quero conectar modelos de controle e inteligência artificial ao gêmeo digital, para avaliar suas recomendações antes da aplicação na ETA real. | [SYS04-US03-AC01] O sistema deve fornecer aos modelos as mesmas variáveis previstas para o ambiente real. | [SYS04-US03-AC04] Deve ser possível comparar diferentes modelos utilizando o mesmo cenário.","A história prevê conectar modelos ao gêmeo digital, e os critérios exigem fornecer-lhes variáveis e permitir comparar diferentes modelos no mesmo cenário. Isso evidencia múltiplos consumidores de dados de uma mesma aplicação, necessidade abordada pelo padrão Client-Server.",no
SYS04,"Reproduzir digitalmente a estrutura física, os sensores, os equipamentos e o ambiente de automação da ETA, permitindo executar testes, simular condições operacionais e avaliar estratégias de controle sem interferir na operação real.",SYS04-US03,"Como cientista de dados ou engenheiro de controle, quero conectar modelos de controle e inteligência artificial ao gêmeo digital, para avaliar suas recomendações antes da aplicação na ETA real.","[SYS04-US03-AC01] O sistema deve fornecer aos modelos as mesmas variáveis previstas para o ambiente real. | [SYS04-US03-AC02] Os comandos ou recomendações dos modelos devem ser aplicados somente ao ambiente simulado. | [SYS04-US03-AC03] O sistema deve registrar entradas, saídas e resultados de cada execução. | [SYS04-US03-AC04] Deve ser possível comparar diferentes modelos utilizando o mesmo cenário.",014,"Distinguish Business Logic from
ML Model","Machine Learning (ML) systems are complex because their ML components must be (re)trained regularly and have an intrinsic non-deterministic behavior. Similar to other systems, the business requirements for these systems as well as ML algorithms change over time.","Define clear APIs between traditional and
ML components. Place business and ML components with different responsibilities into three layers. Divide data flows into three.",Decoupling “traditional” business and ML components allows the ML components to be monitored and adjusted to meet users’ requirements and changing inputs.,applicable,SYS04-US03;SYS04-US03-AC04,"[SYS04-US03] Como cientista de dados ou engenheiro de controle, quero conectar modelos de controle e inteligência artificial ao gêmeo digital, para avaliar suas recomendações antes da aplicação na ETA real. | [SYS04-US03-AC04] Deve ser possível comparar diferentes modelos utilizando o mesmo cenário.",A necessidade de conectar modelos de IA ao gêmeo digital e comparar diferentes modelos no mesmo cenário evidencia a distinção entre os modelos e as funções de simulação e avaliação do sistema. Essa separação corresponde ao propósito do padrão.,no
SYS04,"Reproduzir digitalmente a estrutura física, os sensores, os equipamentos e o ambiente de automação da ETA, permitindo executar testes, simular condições operacionais e avaliar estratégias de controle sem interferir na operação real.",SYS04-US03,"Como cientista de dados ou engenheiro de controle, quero conectar modelos de controle e inteligência artificial ao gêmeo digital, para avaliar suas recomendações antes da aplicação na ETA real.","[SYS04-US03-AC01] O sistema deve fornecer aos modelos as mesmas variáveis previstas para o ambiente real. | [SYS04-US03-AC02] Os comandos ou recomendações dos modelos devem ser aplicados somente ao ambiente simulado. | [SYS04-US03-AC03] O sistema deve registrar entradas, saídas e resultados de cada execução. | [SYS04-US03-AC04] Deve ser possível comparar diferentes modelos utilizando o mesmo cenário.",015,Delegation of Safety Responsibility,"Recent developments in ML and DL allowed probabilistic systems with large input and output spaces to be explored in safety critical systems. This introduces safety-related challenges, such as: (1) Model complexity and opacity, (2) Dealing with probabilistic output, (3) Sensitivity to distribution shifts (4) Formal verification is impossible or not scalable and more. This safety responsibility has to be dealt with.",Delegate all safety responsibility to other components or wrap DL algorithms in safety envelopes.,Increased Safety while putting limited constraints on the DL component. But increased complexity.,applicable,SYS04-US03;SYS04-US03-AC02,"[SYS04-US03] Como cientista de dados ou engenheiro de controle, quero conectar modelos de controle e inteligência artificial ao gêmeo digital, para avaliar suas recomendações antes da aplicação na ETA real. | [SYS04-US03-AC02] Os comandos ou recomendações dos modelos devem ser aplicados somente ao ambiente simulado.","A necessidade de avaliar recomendações de modelos antes de aplicá-las à ETA real, junto à exigência de que seus comandos atuem somente no ambiente simulado, evidencia uma proteção que não depende da segurança dos próprios modelos. Isso corresponde à intenção do padrão de limitar externamente os efeitos desses modelos.",no
SYS04,"Reproduzir digitalmente a estrutura física, os sensores, os equipamentos e o ambiente de automação da ETA, permitindo executar testes, simular condições operacionais e avaliar estratégias de controle sem interferir na operação real.",SYS04-US03,"Como cientista de dados ou engenheiro de controle, quero conectar modelos de controle e inteligência artificial ao gêmeo digital, para avaliar suas recomendações antes da aplicação na ETA real.","[SYS04-US03-AC01] O sistema deve fornecer aos modelos as mesmas variáveis previstas para o ambiente real. | [SYS04-US03-AC02] Os comandos ou recomendações dos modelos devem ser aplicados somente ao ambiente simulado. | [SYS04-US03-AC03] O sistema deve registrar entradas, saídas e resultados de cada execução. | [SYS04-US03-AC04] Deve ser possível comparar diferentes modelos utilizando o mesmo cenário.",028,End-To-End Tests,A faulty ML model or pipeline shouldn’t be allowed to be released and produce poor results in the app.,"Manual smoke testing is always useful, and keeping the tests fresh and up-to-date with new features, use cases and data is an ongoing task. ML model predictions are no different. If a part of the app is served by an ML model recommendation, identify the assertions that can be made",,applicable,SYS04-US03;SYS04-US03-AC01;SYS04-US03-AC02;SYS04-US03-AC03,"[SYS04-US03] Como cientista de dados ou engenheiro de controle, quero conectar modelos de controle e inteligência artificial ao gêmeo digital, para avaliar suas recomendações antes da aplicação na ETA real. | [SYS04-US03-AC01] O sistema deve fornecer aos modelos as mesmas variáveis previstas para o ambiente real. | [SYS04-US03-AC02] Os comandos ou recomendações dos modelos devem ser aplicados somente ao ambiente simulado. | [SYS04-US03-AC03] O sistema deve registrar entradas, saídas e resultados de cada execução.","A história exige avaliar recomendações de modelos antes de sua aplicação à ETA real. O uso das variáveis previstas para o ambiente real, a aplicação das recomendações apenas na simulação e o registro dos resultados sustentam a verificação do comportamento dos modelos no fluxo completo, preocupação central de End-To-End Tests.",no
SYS04,"Reproduzir digitalmente a estrutura física, os sensores, os equipamentos e o ambiente de automação da ETA, permitindo executar testes, simular condições operacionais e avaliar estratégias de controle sem interferir na operação real.",SYS04-US03,"Como cientista de dados ou engenheiro de controle, quero conectar modelos de controle e inteligência artificial ao gêmeo digital, para avaliar suas recomendações antes da aplicação na ETA real.","[SYS04-US03-AC01] O sistema deve fornecer aos modelos as mesmas variáveis previstas para o ambiente real. | [SYS04-US03-AC02] Os comandos ou recomendações dos modelos devem ser aplicados somente ao ambiente simulado. | [SYS04-US03-AC03] O sistema deve registrar entradas, saídas e resultados de cada execução. | [SYS04-US03-AC04] Deve ser possível comparar diferentes modelos utilizando o mesmo cenário.",036,Replay,Need a way to test models and operational data.,Invest in a batch test framework.,,applicable,SYS04-US03-AC03;SYS04-US03-AC04,"[SYS04-US03-AC03] O sistema deve registrar entradas, saídas e resultados de cada execução. | [SYS04-US03-AC04] Deve ser possível comparar diferentes modelos utilizando o mesmo cenário.","Comparar modelos no mesmo cenário e registrar as entradas, saídas e resultados de cada execução evidencia a necessidade de testes repetíveis de modelos, alinhada ao propósito do Replay.",no
SYS04,"Reproduzir digitalmente a estrutura física, os sensores, os equipamentos e o ambiente de automação da ETA, permitindo executar testes, simular condições operacionais e avaliar estratégias de controle sem interferir na operação real.",SYS04-US03,"Como cientista de dados ou engenheiro de controle, quero conectar modelos de controle e inteligência artificial ao gêmeo digital, para avaliar suas recomendações antes da aplicação na ETA real.","[SYS04-US03-AC01] O sistema deve fornecer aos modelos as mesmas variáveis previstas para o ambiente real. | [SYS04-US03-AC02] Os comandos ou recomendações dos modelos devem ser aplicados somente ao ambiente simulado. | [SYS04-US03-AC03] O sistema deve registrar entradas, saídas e resultados de cada execução. | [SYS04-US03-AC04] Deve ser possível comparar diferentes modelos utilizando o mesmo cenário.",043,Strategy Pattern,How can an ML model that performs a task in a given context be flexibly changed?,"Define an interface (strategy) that different models implement. The context will call the methods exposed by the interface, and the implemented models will behave differently based on the contextual data.","Switching models or achieving flexibility in model behavior is easier, but code complexity is increased.",applicable,SYS04-US03;SYS04-US03-AC04,"[SYS04-US03] Como cientista de dados ou engenheiro de controle, quero conectar modelos de controle e inteligência artificial ao gêmeo digital, para avaliar suas recomendações antes da aplicação na ETA real. | [SYS04-US03-AC04] Deve ser possível comparar diferentes modelos utilizando o mesmo cenário.","A necessidade de conectar e comparar diferentes modelos no mesmo cenário simulado evidencia a troca flexível de modelos em um contexto comum, que é o problema tratado pelo Strategy Pattern.",no
